Workbook

Sheet Summary
A1: Posture Detection Accuracy: Final Round
A2: 5 testers × 3 sets × 10 reps per exercise · Phase 29 analyser · collected 13–14 Oct 2026 with capture.py
A4: Settings
A5: Target accuracy | B5: 0.75 | C5: Objective 2 (revised from 90% in the proposal)
A6: z for 95% CI | B6: 1.96 | C6: Wilson score interval
A7: Squat depth: correct if knee ≤ | B7: 80 | C7: FormThresholds.squatDepthMax
A8: Squat trunk lean: correct if ≤ | B8: 57 | C8: FormThresholds.squatTrunkLeanMax
A9: Push-up depth: correct if elbow ≤ | B9: 100 | C9: FormThresholds (push-up correct depth)
A10: Push-up body line: correct if ≥ | B10: 160 | C10: FormThresholds (body line)
A12: Main result (verdict by code rule vs. ground truth)
A13: Exercise | B13: Testers | C13: Reps | D13: TP | E13: TN | F13: FP | G13: FN | H13: Accuracy | I13: 95% CI low | J13: 95% CI high | K13: Precision | L13: Recall | M13: Specificity | N13: F1 | O13: Meets target?
A14: Push-up | B14: 5 | C14: =SUM(D14:G14) -> 150 | D14: =COUNTIFS('Raw Data'!$L$2:$L$301,"TP",'Raw Data'!$B$2:$B$301,$A14) -> 80 | E14: =COUNTIFS('Raw Data'!$L$2:$L$301,"TN",'Raw Data'!$B$2:$B$301,$A14) -> 70 | F14: =COUNTIFS('Raw Data'!$L$2:$L$301,"FP",'Raw Data'!$B$2:$B$301,$A14) -> 0 | G14: =COUNTIFS('Raw Data'!$L$2:$L$301,"FN",'Raw Data'!$B$2:$B$301,$A14) -> 0 | H14: =IF(C14=0,"",(D14+E14)/C14) -> 1 | I14: =IF(C14=0,"",(H14+$B$6^2/(2*C14)-$B$6*SQRT(H14*(1-H14)/C14+$B$6^2/(4*C14^2)))/(1+$B$6^2/C14)) -> 0.97502886 | J14: =IF(C14=0,"",(H14+$B$6^2/(2*C14)+$B$6*SQRT(H14*(1-H14)/C14+$B$6^2/(4*C14^2)))/(1+$B$6^2/C14)) -> 1 | K14: =IF(D14+F14=0,"",D14/(D14+F14)) -> 1 | L14: =IF(D14+G14=0,"",D14/(D14+G14)) -> 1 | M14: =IF(E14+F14=0,"",E14/(E14+F14)) -> 1 | N14: =IF(OR(K14="",L14=""),"",IF(K14+L14=0,0,2*K14*L14/(K14+L14))) -> 1 | O14: =IF(H14="","",IF(H14>=$B$5,"Yes","No")) -> Yes
A15: Squat | B15: 5 | C15: =SUM(D15:G15) -> 150 | D15: =COUNTIFS('Raw Data'!$L$2:$L$301,"TP",'Raw Data'!$B$2:$B$301,$A15) -> 69 | E15: =COUNTIFS('Raw Data'!$L$2:$L$301,"TN",'Raw Data'!$B$2:$B$301,$A15) -> 68 | F15: =COUNTIFS('Raw Data'!$L$2:$L$301,"FP",'Raw Data'!$B$2:$B$301,$A15) -> 9 | G15: =COUNTIFS('Raw Data'!$L$2:$L$301,"FN",'Raw Data'!$B$2:$B$301,$A15) -> 4 | H15: =IF(C15=0,"",(D15+E15)/C15) -> 0.91333333 | I15: =IF(C15=0,"",(H15+$B$6^2/(2*C15)-$B$6*SQRT(H15*(1-H15)/C15+$B$6^2/(4*C15^2)))/(1+$B$6^2/C15)) -> 0.85737055 | J15: =IF(C15=0,"",(H15+$B$6^2/(2*C15)+$B$6*SQRT(H15*(1-H15)/C15+$B$6^2/(4*C15^2)))/(1+$B$6^2/C15)) -> 0.94865331 | K15: =IF(D15+F15=0,"",D15/(D15+F15)) -> 0.88461538 | L15: =IF(D15+G15=0,"",D15/(D15+G15)) -> 0.94520548 | M15: =IF(E15+F15=0,"",E15/(E15+F15)) -> 0.88311688 | N15: =IF(OR(K15="",L15=""),"",IF(K15+L15=0,0,2*K15*L15/(K15+L15))) -> 0.91390728 | O15: =IF(H15="","",IF(H15>=$B$5,"Yes","No")) -> Yes
A16: OVERALL | B16: 5 | C16: =SUM(D16:G16) -> 300 | D16: =COUNTIFS('Raw Data'!$L$2:$L$301,"TP") -> 149 | E16: =COUNTIFS('Raw Data'!$L$2:$L$301,"TN") -> 138 | F16: =COUNTIFS('Raw Data'!$L$2:$L$301,"FP") -> 9 | G16: =COUNTIFS('Raw Data'!$L$2:$L$301,"FN") -> 4 | H16: =IF(C16=0,"",(D16+E16)/C16) -> 0.95666667 | I16: =IF(C16=0,"",(H16+$B$6^2/(2*C16)-$B$6*SQRT(H16*(1-H16)/C16+$B$6^2/(4*C16^2)))/(1+$B$6^2/C16)) -> 0.92728187 | J16: =IF(C16=0,"",(H16+$B$6^2/(2*C16)+$B$6*SQRT(H16*(1-H16)/C16+$B$6^2/(4*C16^2)))/(1+$B$6^2/C16)) -> 0.9745038 | K16: =IF(D16+F16=0,"",D16/(D16+F16)) -> 0.94303797 | L16: =IF(D16+G16=0,"",D16/(D16+G16)) -> 0.97385621 | M16: =IF(E16+F16=0,"",E16/(E16+F16)) -> 0.93877551 | N16: =IF(OR(K16="",L16=""),"",IF(K16+L16=0,0,2*K16*L16/(K16+L16))) -> 0.95819936 | O16: =IF(H16="","",IF(H16>=$B$5,"Yes","No")) -> Yes
A17: Positive class = INCORRECT form. Recall = share of bad reps the app caught. Specificity = share of good reps it correctly passed.
A19: Sensitivity check: how much do the data issues move the result?
A20: Scenario | B20: Push-up | C20: Squat | D20: Overall | E20: What it means
A21: Main result (code-rule verdict) | B21: =SUMIFS('Raw Data'!$M$2:$M$301,'Raw Data'!$B$2:$B$301,"Push-up")/COUNTIFS('Raw Data'!$B$2:$B$301,"Push-up") -> 1 | C21: =SUMIFS('Raw Data'!$M$2:$M$301,'Raw Data'!$B$2:$B$301,"Squat")/COUNTIFS('Raw Data'!$B$2:$B$301,"Squat") -> 0.91333333 | D21: =SUM('Raw Data'!$M$2:$M$301)/COUNTA('Raw Data'!$A$2:$A$301) -> 0.95666667 | E21: Uses the verdict the code produces from the logged angles.
A22: Verdicts exactly as logged | B22: =SUMIFS('Raw Data'!$N$2:$N$301,'Raw Data'!$B$2:$B$301,"Push-up")/COUNTIFS('Raw Data'!$B$2:$B$301,"Push-up") -> 1 | C22: =SUMIFS('Raw Data'!$N$2:$N$301,'Raw Data'!$B$2:$B$301,"Squat")/COUNTIFS('Raw Data'!$B$2:$B$301,"Squat") -> 0.94 | D22: =SUM('Raw Data'!$N$2:$N$301)/COUNTA('Raw Data'!$A$2:$A$301) -> 0.97 | E22: Includes the 4 squat verdicts that were changed in Excel.
A23: Ignoring every observer flip | B23: =SUMIFS('Raw Data'!$O$2:$O$301,'Raw Data'!$B$2:$B$301,"Push-up")/COUNTIFS('Raw Data'!$B$2:$B$301,"Push-up") -> 1 | C23: =SUMIFS('Raw Data'!$O$2:$O$301,'Raw Data'!$B$2:$B$301,"Squat")/COUNTIFS('Raw Data'!$B$2:$B$301,"Squat") -> 0.88 | D23: =SUM('Raw Data'!$O$2:$O$301)/COUNTA('Raw Data'!$A$2:$A$301) -> 0.94 | E23: Uses the label set before each rep. All 5 net flips moved the label towards the app's verdict.
A26: Confusion matrix: Push-up
B27: Predicted Correct | C27: Predicted Incorrect | D27: Total
A28: Actual Correct | B28: =E14 -> 70 | C28: =F14 -> 0 | D28: =B28+C28 -> 70
A29: Actual Incorrect | B29: =G14 -> 0 | C29: =D14 -> 80 | D29: =B29+C29 -> 80
A31: Confusion matrix: Squat
B32: Predicted Correct | C32: Predicted Incorrect | D32: Total
A33: Actual Correct | B33: =E15 -> 68 | C33: =F15 -> 9 | D33: =B33+C33 -> 77
A34: Actual Incorrect | B34: =G15 -> 4 | C34: =D15 -> 69 | D34: =B34+C34 -> 73
A36: Accuracy by tester
A37: Exercise | B37: Tester | C37: Reps | D37: Matches | E37: Accuracy | F37: Correct-form reps | G37: Incorrect-form reps
A38: Push-up | B38: T01 | C38: =COUNTIFS('Raw Data'!$B$2:$B$301,A38,'Raw Data'!$A$2:$A$301,B38) -> 30 | D38: =SUMIFS('Raw Data'!$M$2:$M$301,'Raw Data'!$B$2:$B$301,A38,'Raw Data'!$A$2:$A$301,B38) -> 30 | E38: =IF(C38=0,"",D38/C38) -> 1 | F38: =COUNTIFS('Raw Data'!$B$2:$B$301,A38,'Raw Data'!$A$2:$A$301,B38,'Raw Data'!$I$2:$I$301,"Correct") -> 0 | G38: =COUNTIFS('Raw Data'!$B$2:$B$301,A38,'Raw Data'!$A$2:$A$301,B38,'Raw Data'!$I$2:$I$301,"Incorrect") -> 30
A39: Push-up | B39: T02 | C39: =COUNTIFS('Raw Data'!$B$2:$B$301,A39,'Raw Data'!$A$2:$A$301,B39) -> 30 | D39: =SUMIFS('Raw Data'!$M$2:$M$301,'Raw Data'!$B$2:$B$301,A39,'Raw Data'!$A$2:$A$301,B39) -> 30 | E39: =IF(C39=0,"",D39/C39) -> 1 | F39: =COUNTIFS('Raw Data'!$B$2:$B$301,A39,'Raw Data'!$A$2:$A$301,B39,'Raw Data'!$I$2:$I$301,"Correct") -> 20 | G39: =COUNTIFS('Raw Data'!$B$2:$B$301,A39,'Raw Data'!$A$2:$A$301,B39,'Raw Data'!$I$2:$I$301,"Incorrect") -> 10
A40: Push-up | B40: T03 | C40: =COUNTIFS('Raw Data'!$B$2:$B$301,A40,'Raw Data'!$A$2:$A$301,B40) -> 30 | D40: =SUMIFS('Raw Data'!$M$2:$M$301,'Raw Data'!$B$2:$B$301,A40,'Raw Data'!$A$2:$A$301,B40) -> 30 | E40: =IF(C40=0,"",D40/C40) -> 1 | F40: =COUNTIFS('Raw Data'!$B$2:$B$301,A40,'Raw Data'!$A$2:$A$301,B40,'Raw Data'!$I$2:$I$301,"Correct") -> 30 | G40: =COUNTIFS('Raw Data'!$B$2:$B$301,A40,'Raw Data'!$A$2:$A$301,B40,'Raw Data'!$I$2:$I$301,"Incorrect") -> 0
A41: Push-up | B41: T04 | C41: =COUNTIFS('Raw Data'!$B$2:$B$301,A41,'Raw Data'!$A$2:$A$301,B41) -> 30 | D41: =SUMIFS('Raw Data'!$M$2:$M$301,'Raw Data'!$B$2:$B$301,A41,'Raw Data'!$A$2:$A$301,B41) -> 30 | E41: =IF(C41=0,"",D41/C41) -> 1 | F41: =COUNTIFS('Raw Data'!$B$2:$B$301,A41,'Raw Data'!$A$2:$A$301,B41,'Raw Data'!$I$2:$I$301,"Correct") -> 10 | G41: =COUNTIFS('Raw Data'!$B$2:$B$301,A41,'Raw Data'!$A$2:$A$301,B41,'Raw Data'!$I$2:$I$301,"Incorrect") -> 20
A42: Push-up | B42: T05 | C42: =COUNTIFS('Raw Data'!$B$2:$B$301,A42,'Raw Data'!$A$2:$A$301,B42) -> 30 | D42: =SUMIFS('Raw Data'!$M$2:$M$301,'Raw Data'!$B$2:$B$301,A42,'Raw Data'!$A$2:$A$301,B42) -> 30 | E42: =IF(C42=0,"",D42/C42) -> 1 | F42: =COUNTIFS('Raw Data'!$B$2:$B$301,A42,'Raw Data'!$A$2:$A$301,B42,'Raw Data'!$I$2:$I$301,"Correct") -> 10 | G42: =COUNTIFS('Raw Data'!$B$2:$B$301,A42,'Raw Data'!$A$2:$A$301,B42,'Raw Data'!$I$2:$I$301,"Incorrect") -> 20
A43: Squat | B43: T01 | C43: =COUNTIFS('Raw Data'!$B$2:$B$301,A43,'Raw Data'!$A$2:$A$301,B43) -> 30 | D43: =SUMIFS('Raw Data'!$M$2:$M$301,'Raw Data'!$B$2:$B$301,A43,'Raw Data'!$A$2:$A$301,B43) -> 27 | E43: =IF(C43=0,"",D43/C43) -> 0.9 | F43: =COUNTIFS('Raw Data'!$B$2:$B$301,A43,'Raw Data'!$A$2:$A$301,B43,'Raw Data'!$I$2:$I$301,"Correct") -> 19 | G43: =COUNTIFS('Raw Data'!$B$2:$B$301,A43,'Raw Data'!$A$2:$A$301,B43,'Raw Data'!$I$2:$I$301,"Incorrect") -> 11
A44: Squat | B44: T02 | C44: =COUNTIFS('Raw Data'!$B$2:$B$301,A44,'Raw Data'!$A$2:$A$301,B44) -> 30 | D44: =SUMIFS('Raw Data'!$M$2:$M$301,'Raw Data'!$B$2:$B$301,A44,'Raw Data'!$A$2:$A$301,B44) -> 22 | E44: =IF(C44=0,"",D44/C44) -> 0.73333333 | F44: =COUNTIFS('Raw Data'!$B$2:$B$301,A44,'Raw Data'!$A$2:$A$301,B44,'Raw Data'!$I$2:$I$301,"Correct") -> 20 | G44: =COUNTIFS('Raw Data'!$B$2:$B$301,A44,'Raw Data'!$A$2:$A$301,B44,'Raw Data'!$I$2:$I$301,"Incorrect") -> 10
A45: Squat | B45: T03 | C45: =COUNTIFS('Raw Data'!$B$2:$B$301,A45,'Raw Data'!$A$2:$A$301,B45) -> 30 | D45: =SUMIFS('Raw Data'!$M$2:$M$301,'Raw Data'!$B$2:$B$301,A45,'Raw Data'!$A$2:$A$301,B45) -> 30 | E45: =IF(C45=0,"",D45/C45) -> 1 | F45: =COUNTIFS('Raw Data'!$B$2:$B$301,A45,'Raw Data'!$A$2:$A$301,B45,'Raw Data'!$I$2:$I$301,"Correct") -> 18 | G45: =COUNTIFS('Raw Data'!$B$2:$B$301,A45,'Raw Data'!$A$2:$A$301,B45,'Raw Data'!$I$2:$I$301,"Incorrect") -> 12
A46: Squat | B46: T04 | C46: =COUNTIFS('Raw Data'!$B$2:$B$301,A46,'Raw Data'!$A$2:$A$301,B46) -> 30 | D46: =SUMIFS('Raw Data'!$M$2:$M$301,'Raw Data'!$B$2:$B$301,A46,'Raw Data'!$A$2:$A$301,B46) -> 30 | E46: =IF(C46=0,"",D46/C46) -> 1 | F46: =COUNTIFS('Raw Data'!$B$2:$B$301,A46,'Raw Data'!$A$2:$A$301,B46,'Raw Data'!$I$2:$I$301,"Correct") -> 0 | G46: =COUNTIFS('Raw Data'!$B$2:$B$301,A46,'Raw Data'!$A$2:$A$301,B46,'Raw Data'!$I$2:$I$301,"Incorrect") -> 30
A47: Squat | B47: T05 | C47: =COUNTIFS('Raw Data'!$B$2:$B$301,A47,'Raw Data'!$A$2:$A$301,B47) -> 30 | D47: =SUMIFS('Raw Data'!$M$2:$M$301,'Raw Data'!$B$2:$B$301,A47,'Raw Data'!$A$2:$A$301,B47) -> 28 | E47: =IF(C47=0,"",D47/C47) -> 0.93333333 | F47: =COUNTIFS('Raw Data'!$B$2:$B$301,A47,'Raw Data'!$A$2:$A$301,B47,'Raw Data'!$I$2:$I$301,"Correct") -> 20 | G47: =COUNTIFS('Raw Data'!$B$2:$B$301,A47,'Raw Data'!$A$2:$A$301,B47,'Raw Data'!$I$2:$I$301,"Incorrect") -> 10

Sheet Raw Data
A1: Tester | B1: Exercise | C1: Set | D1: Rep | E1: Primary angle (°) | F1: Secondary (°) | G1: Logged verdict | H1: Verdict by code rule | I1: Ground truth | J1: Observer flipped? | K1: Label before flip | L1: Outcome | M1: Match | N1: Match (as logged) | O1: Match (no flips) | P1: Notes | Q1: Source file
A2: T01 | B2: Push-up | C2: 1 | D2: 1 | E2: 102.5 | F2: 125 | G2: Incorrect | H2: =IF(B2="Squat",IF(AND(E2<=Summary!$B$7,OR(F2="",F2<=Summary!$B$8)),"Correct","Incorrect"),IF(AND(E2<=Summary!$B$9,OR(F2="",F2>=Summary!$B$10)),"Correct","Incorrect")) -> Incorrect | I2: Incorrect | J2: No | K2: =IF(J2="Yes",IF(I2="Correct","Incorrect","Correct"),I2) -> Incorrect | L2: =IF(I2="Incorrect",IF(H2="Incorrect","TP","FN"),IF(H2="Incorrect","FP","TN")) -> TP | M2: =IF(H2=I2,1,0) -> 1 | N2: =IF(G2=I2,1,0) -> 1 | O2: =IF(H2=K2,1,0) -> 1 | Q2: posture_T01_20261013_164651.csv
A3: T01 | B3: Push-up | C3: 1 | D3: 2 | E3: 58.9 | F3: 126 | G3: Incorrect | H3: =IF(B3="Squat",IF(AND(E3<=Summary!$B$7,OR(F3="",F3<=Summary!$B$8)),"Correct","Incorrect"),IF(AND(E3<=Summary!$B$9,OR(F3="",F3>=Summary!$B$10)),"Correct","Incorrect")) -> Incorrect | I3: Incorrect | J3: No | K3: =IF(J3="Yes",IF(I3="Correct","Incorrect","Correct"),I3) -> Incorrect | L3: =IF(I3="Incorrect",IF(H3="Incorrect","TP","FN"),IF(H3="Incorrect","FP","TN")) -> TP | M3: =IF(H3=I3,1,0) -> 1 | N3: =IF(G3=I3,1,0) -> 1 | O3: =IF(H3=K3,1,0) -> 1 | Q3: posture_T01_20261013_164651.csv
A4: T01 | B4: Push-up | C4: 1 | D4: 3 | E4: 61.4 | F4: 127.3 | G4: Incorrect | H4: =IF(B4="Squat",IF(AND(E4<=Summary!$B$7,OR(F4="",F4<=Summary!$B$8)),"Correct","Incorrect"),IF(AND(E4<=Summary!$B$9,OR(F4="",F4>=Summary!$B$10)),"Correct","Incorrect")) -> Incorrect | I4: Incorrect | J4: No | K4: =IF(J4="Yes",IF(I4="Correct","Incorrect","Correct"),I4) -> Incorrect | L4: =IF(I4="Incorrect",IF(H4="Incorrect","TP","FN"),IF(H4="Incorrect","FP","TN")) -> TP | M4: =IF(H4=I4,1,0) -> 1 | N4: =IF(G4=I4,1,0) -> 1 | O4: =IF(H4=K4,1,0) -> 1 | Q4: posture_T01_20261013_164651.csv
A5: T01 | B5: Push-up | C5: 1 | D5: 4 | E5: 104.1 | F5: 107 | G5: Incorrect | H5: =IF(B5="Squat",IF(AND(E5<=Summary!$B$7,OR(F5="",F5<=Summary!$B$8)),"Correct","Incorrect"),IF(AND(E5<=Summary!$B$9,OR(F5="",F5>=Summary!$B$10)),"Correct","Incorrect")) -> Incorrect | I5: Incorrect | J5: No | K5: =IF(J5="Yes",IF(I5="Correct","Incorrect","Correct"),I5) -> Incorrect | L5: =IF(I5="Incorrect",IF(H5="Incorrect","TP","FN"),IF(H5="Incorrect","FP","TN")) -> TP | M5: =IF(H5=I5,1,0) -> 1 | N5: =IF(G5=I5,1,0) -> 1 | O5: =IF(H5=K5,1,0) -> 1 | Q5: posture_T01_20261013_164651.csv
A6: T01 | B6: Push-up | C6: 1 | D6: 5 | E6: 113.5 | F6: 113.1 | G6: Incorrect | H6: =IF(B6="Squat",IF(AND(E6<=Summary!$B$7,OR(F6="",F6<=Summary!$B$8)),"Correct","Incorrect"),IF(AND(E6<=Summary!$B$9,OR(F6="",F6>=Summary!$B$10)),"Correct","Incorrect")) -> Incorrect | I6: Incorrect | J6: No | K6: =IF(J6="Yes",IF(I6="Correct","Incorrect","Correct"),I6) -> Incorrect | L6: =IF(I6="Incorrect",IF(H6="Incorrect","TP","FN"),IF(H6="Incorrect","FP","TN")) -> TP | M6: =IF(H6=I6,1,0) -> 1 | N6: =IF(G6=I6,1,0) -> 1 | O6: =IF(H6=K6,1,0) -> 1 | Q6: posture_T01_20261013_164651.csv
A7: T01 | B7: Push-up | C7: 1 | D7: 6 | E7: 65 | F7: 134 | G7: Incorrect | H7: =IF(B7="Squat",IF(AND(E7<=Summary!$B$7,OR(F7="",F7<=Summary!$B$8)),"Correct","Incorrect"),IF(AND(E7<=Summary!$B$9,OR(F7="",F7>=Summary!$B$10)),"Correct","Incorrect")) -> Incorrect | I7: Incorrect | J7: No | K7: =IF(J7="Yes",IF(I7="Correct","Incorrect","Correct"),I7) -> Incorrect | L7: =IF(I7="Incorrect",IF(H7="Incorrect","TP","FN"),IF(H7="Incorrect","FP","TN")) -> TP | M7: =IF(H7=I7,1,0) -> 1 | N7: =IF(G7=I7,1,0) -> 1 | O7: =IF(H7=K7,1,0) -> 1 | Q7: posture_T01_20261013_164651.csv
A8: T01 | B8: Push-up | C8: 1 | D8: 7 | E8: 65.6 | F8: 129 | G8: Incorrect | H8: =IF(B8="Squat",IF(AND(E8<=Summary!$B$7,OR(F8="",F8<=Summary!$B$8)),"Correct","Incorrect"),IF(AND(E8<=Summary!$B$9,OR(F8="",F8>=Summary!$B$10)),"Correct","Incorrect")) -> Incorrect | I8: Incorrect | J8: No | K8: =IF(J8="Yes",IF(I8="Correct","Incorrect","Correct"),I8) -> Incorrect | L8: =IF(I8="Incorrect",IF(H8="Incorrect","TP","FN"),IF(H8="Incorrect","FP","TN")) -> TP | M8: =IF(H8=I8,1,0) -> 1 | N8: =IF(G8=I8,1,0) -> 1 | O8: =IF(H8=K8,1,0) -> 1 | Q8: posture_T01_20261013_164651.csv
A9: T01 | B9: Push-up | C9: 1 | D9: 8 | E9: 64.6 | F9: 129.4 | G9: Incorrect | H9: =IF(B9="Squat",IF(AND(E9<=Summary!$B$7,OR(F9="",F9<=Summary!$B$8)),"Correct","Incorrect"),IF(AND(E9<=Summary!$B$9,OR(F9="",F9>=Summary!$B$10)),"Correct","Incorrect")) -> Incorrect | I9: Incorrect | J9: No | K9: =IF(J9="Yes",IF(I9="Correct","Incorrect","Correct"),I9) -> Incorrect | L9: =IF(I9="Incorrect",IF(H9="Incorrect","TP","FN"),IF(H9="Incorrect","FP","TN")) -> TP | M9: =IF(H9=I9,1,0) -> 1 | N9: =IF(G9=I9,1,0) -> 1 | O9: =IF(H9=K9,1,0) -> 1 | Q9: posture_T01_20261013_164651.csv
A10: T01 | B10: Push-up | C10: 1 | D10: 9 | E10: 64.5 | F10: 128.6 | G10: Incorrect | H10: =IF(B10="Squat",IF(AND(E10<=Summary!$B$7,OR(F10="",F10<=Summary!$B$8)),"Correct","Incorrect"),IF(AND(E10<=Summary!$B$9,OR(F10="",F10>=Summary!$B$10)),"Correct","Incorrect")) -> Incorrect | I10: Incorrect | J10: No | K10: =IF(J10="Yes",IF(I10="Correct","Incorrect","Correct"),I10) -> Incorrect | L10: =IF(I10="Incorrect",IF(H10="Incorrect","TP","FN"),IF(H10="Incorrect","FP","TN")) -> TP | M10: =IF(H10=I10,1,0) -> 1 | N10: =IF(G10=I10,1,0) -> 1 | O10: =IF(H10=K10,1,0) -> 1 | Q10: posture_T01_20261013_164651.csv
A11: T01 | B11: Push-up | C11: 1 | D11: 10 | E11: 61.7 | F11: 124.3 | G11: Incorrect | H11: =IF(B11="Squat",IF(AND(E11<=Summary!$B$7,OR(F11="",F11<=Summary!$B$8)),"Correct","Incorrect"),IF(AND(E11<=Summary!$B$9,OR(F11="",F11>=Summary!$B$10)),"Correct","Incorrect")) -> Incorrect | I11: Incorrect | J11: No | K11: =IF(J11="Yes",IF(I11="Correct","Incorrect","Correct"),I11) -> Incorrect | L11: =IF(I11="Incorrect",IF(H11="Incorrect","TP","FN"),IF(H11="Incorrect","FP","TN")) -> TP | M11: =IF(H11=I11,1,0) -> 1 | N11: =IF(G11=I11,1,0) -> 1 | O11: =IF(H11=K11,1,0) -> 1 | Q11: posture_T01_20261013_164651.csv
A12: T01 | B12: Push-up | C12: 2 | D12: 1 | E12: 58.8 | F12: 121.6 | G12: Incorrect | H12: =IF(B12="Squat",IF(AND(E12<=Summary!$B$7,OR(F12="",F12<=Summary!$B$8)),"Correct","Incorrect"),IF(AND(E12<=Summary!$B$9,OR(F12="",F12>=Summary!$B$10)),"Correct","Incorrect")) -> Incorrect | I12: Incorrect | J12: No | K12: =IF(J12="Yes",IF(I12="Correct","Incorrect","Correct"),I12) -> Incorrect | L12: =IF(I12="Incorrect",IF(H12="Incorrect","TP","FN"),IF(H12="Incorrect","FP","TN")) -> TP | M12: =IF(H12=I12,1,0) -> 1 | N12: =IF(G12=I12,1,0) -> 1 | O12: =IF(H12=K12,1,0) -> 1 | Q12: posture_T01_20261013_164651.csv
A13: T01 | B13: Push-up | C13: 2 | D13: 2 | E13: 58.7 | F13: 118.6 | G13: Incorrect | H13: =IF(B13="Squat",IF(AND(E13<=Summary!$B$7,OR(F13="",F13<=Summary!$B$8)),"Correct","Incorrect"),IF(AND(E13<=Summary!$B$9,OR(F13="",F13>=Summary!$B$10)),"Correct","Incorrect")) -> Incorrect | I13: Incorrect | J13: No | K13: =IF(J13="Yes",IF(I13="Correct","Incorrect","Correct"),I13) -> Incorrect | L13: =IF(I13="Incorrect",IF(H13="Incorrect","TP","FN"),IF(H13="Incorrect","FP","TN")) -> TP | M13: =IF(H13=I13,1,0) -> 1 | N13: =IF(G13=I13,1,0) -> 1 | O13: =IF(H13=K13,1,0) -> 1 | Q13: posture_T01_20261013_164651.csv
... A163: T01 | B163: Squat | C163: 2 | D163: 2 | E163: 82 | F163: 31.8 | G163: Incorrect | H163: =IF(B163="Squat",IF(AND(E163<=Summary!$B$7,OR(F163="",F163<=Summary!$B$8)),"Correct","Incorrect"),IF(AND(E163<=Summary!$B$9,OR(F163="",F163>=Summary!$B$10)),"Correct","Incorrect")) -> Incorrect | I163: Correct | J163: No | K163: =IF(J163="Yes",IF(I163="Correct","Incorrect","Correct"),I163) -> Correct | L163: =IF(I163="Incorrect",IF(H163="Incorrect","TP","FN"),IF(H163="Incorrect","FP","TN")) -> FP | M163: =IF(H163=I163,1,0) -> 0 | N163: =IF(G163=I163,1,0) -> 0 | O163: =IF(H163=K163,1,0) -> 0 | Q163: posture_T01_20261013_165543.csv
A164: T01 | B164: Squat | C164: 2 | D164: 3 | E164: 90.6 | F164: 26.1 | G164: Incorrect | H164: =IF(B164="Squat",IF(AND(E164<=Summary!$B$7,OR(F164="",F164<=Summary!$B$8)),"Correct","Incorrect"),IF(AND(E164<=Summary!$B$9,OR(F164="",F164>=Summary!$B$10)),"Correct","Incorrect")) -> Incorrect | I164: Incorrect | J164: Yes | K164: =IF(J164="Yes",IF(I164="Correct","Incorrect","Correct"),I164) -> Correct | L164: =IF(I164="Incorrect",IF(H164="Incorrect","TP","FN"),IF(H164="Incorrect","FP","TN")) -> TP | M164: =IF(H164=I164,1,0) -> 1 | N164: =IF(G164=I164,1,0) -> 1 | O164: =IF(H164=K164,1,0) -> 0 | P164: Observer flipped the label | Q164: posture_T01_20261013_165543.csv
A165: T01 | B165: Squat | C165: 2 | D165: 4 | E165: 76.8 | F165: 33.1 | G165: Correct | H165: =IF(B165="Squat",IF(AND(E165<=Summary!$B$7,OR(F165="",F165<=Summary!$B$8)),"Correct","Incorrect"),IF(AND(E165<=Summary!$B$9,OR(F165="",F165>=Summary!$B$10)),"Correct","Incorrect")) -> Correct | I165: Correct | J165: No | K165: =IF(J165="Yes",IF(I165="Correct","Incorrect","Correct"),I165) -> Correct | L165: =IF(I165="Incorrect",IF(H165="Incorrect","TP","FN"),IF(H165="Incorrect","FP","TN")) -> TN | M165: =IF(H165=I165,1,0) -> 1 | N165: =IF(G165=I165,1,0) -> 1 | O165: =IF(H165=K165,1,0) -> 1 | Q165: posture_T01_20261013_165543.csv
A166: T01 | B166: Squat | C166: 2 | D166: 5 | E166: 73.7 | F166: 28.4 | G166: Correct | H166: =IF(B166="Squat",IF(AND(E166<=Summary!$B$7,OR(F166="",F166<=Summary!$B$8)),"Correct","Incorrect"),IF(AND(E166<=Summary!$B$9,OR(F166="",F166>=Summary!$B$10)),"Correct","Incorrect")) -> Correct | I166: Correct | J166: No | K166: =IF(J166="Yes",IF(I166="Correct","Incorrect","Correct"),I166) -> Correct | L166: =IF(I166="Incorrect",IF(H166="Incorrect","TP","FN"),IF(H166="Incorrect","FP","TN")) -> TN | M166: =IF(H166=I166,1,0) -> 1 | N166: =IF(G166=I166,1,0) -> 1 | O166: =IF(H166=K166,1,0) -> 1 | Q166: posture_T01_20261013_165543.csv
A167: T01 | B167: Squat | C167: 2 | D167: 6 | E167: 73.5 | F167: 29.7 | G167: Correct | H167: =IF(B167="Squat",IF(AND(E167<=Summary!$B$7,OR(F167="",F167<=Summary!$B$8)),"Correct","Incorrect"),IF(AND(E167<=Summary!$B$9,OR(F167="",F167>=Summary!$B$10)),"Correct","Incorrect")) -> Correct | I167: Correct | J167: No | K167: =IF(J167="Yes",IF(I167="Correct","Incorrect","Correct"),I167) -> Correct | L167: =IF(I167="Incorrect",IF(H167="Incorrect","TP","FN"),IF(H167="Incorrect","FP","TN")) -> TN | M167: =IF(H167=I167,1,0) -> 1 | N167: =IF(G167=I167,1,0) -> 1 | O167: =IF(H167=K167,1,0) -> 1 | Q167: posture_T01_20261013_165543.csv
A168: T01 | B168: Squat | C168: 2 | D168: 7 | E168: 73.1 | F168: 29.2 | G168: Correct | H168: =IF(B168="Squat",IF(AND(E168<=Summary!$B$7,OR(F168="",F168<=Summary!$B$8)),"Correct","Incorrect"),IF(AND(E168<=Summary!$B$9,OR(F168="",F168>=Summary!$B$10)),"Correct","Incorrect")) -> Correct | I168: Correct | J168: No | K168: =IF(J168="Yes",IF(I168="Correct","Incorrect","Correct"),I168) -> Correct | L168: =IF(I168="Incorrect",IF(H168="Incorrect","TP","FN"),IF(H168="Incorrect","FP","TN")) -> TN | M168: =IF(H168=I168,1,0) -> 1 | N168: =IF(G168=I168,1,0) -> 1 | O168: =IF(H168=K168,1,0) -> 1 | Q168: posture_T01_20261013_165543.csv
A169: T01 | B169: Squat | C169: 2 | D169: 8 | E169: 73.2 | F169: 29.9 | G169: Correct | H169: =IF(B169="Squat",IF(AND(E169<=Summary!$B$7,OR(F169="",F169<=Summary!$B$8)),"Correct","Incorrect"),IF(AND(E169<=Summary!$B$9,OR(F169="",F169>=Summary!$B$10)),"Correct","Incorrect")) -> Correct | I169: Correct | J169: No | K169: =IF(J169="Yes",IF(I169="Correct","Incorrect","Correct"),I169) -> Correct | L169: =IF(I169="Incorrect",IF(H169="Incorrect","TP","FN"),IF(H169="Incorrect","FP","TN")) -> TN | M169: =IF(H169=I169,1,0) -> 1 | N169: =IF(G169=I169,1,0) -> 1 | O169: =IF(H169=K169,1,0) -> 1 | Q169: posture_T01_20261013_165543.csv
A170: T01 | B170: Squat | C170: 2 | D170: 9 | E170: 72.9 | F170: 30.4 | G170: Correct | H170: =IF(B170="Squat",IF(AND(E170<=Summary!$B$7,OR(F170="",F170<=Summary!$B$8)),"Correct","Incorrect"),IF(AND(E170<=Summary!$B$9,OR(F170="",F170>=Summary!$B$10)),"Correct","Incorrect")) -> Correct | I170: Correct | J170: No | K170: =IF(J170="Yes",IF(I170="Correct","Incorrect","Correct"),I170) -> Correct | L170: =IF(I170="Incorrect",IF(H170="Incorrect","TP","FN"),IF(H170="Incorrect","FP","TN")) -> TN | M170: =IF(H170=I170,1,0) -> 1 | N170: =IF(G170=I170,1,0) -> 1 | O170: =IF(H170=K170,1,0) -> 1 | Q170: posture_T01_20261013_165543.csv
A171: T01 | B171: Squat | C171: 2 | D171: 10 | E171: 71.1 | F171: 31.1 | G171: Correct | H171: =IF(B171="Squat",IF(AND(E171<=Summary!$B$7,OR(F171="",F171<=Summary!$B$8)),"Correct","Incorrect"),IF(AND(E171<=Summary!$B$9,OR(F171="",F171>=Summary!$B$10)),"Correct","Incorrect")) -> Correct | I171: Correct | J171: No | K171: =IF(J171="Yes",IF(I171="Correct","Incorrect","Correct"),I171) -> Correct | L171: =IF(I171="Incorrect",IF(H171="Incorrect","TP","FN"),IF(H171="Incorrect","FP","TN")) -> TN | M171: =IF(H171=I171,1,0) -> 1 | N171: =IF(G171=I171,1,0) -> 1 | O171: =IF(H171=K171,1,0) -> 1 | Q171: posture_T01_20261013_165543.csv
A172: T01 | B172: Squat | C172: 3 | D172: 1 | E172: 104.9 | F172: 21.3 | G172: Incorrect | H172: =IF(B172="Squat",IF(AND(E172<=Summary!$B$7,OR(F172="",F172<=Summary!$B$8)),"Correct","Incorrect"),IF(AND(E172<=Summary!$B$9,OR(F172="",F172>=Summary!$B$10)),"Correct","Incorrect")) -> Incorrect | I172: Incorrect | J172: No | K172: =IF(J172="Yes",IF(I172="Correct","Incorrect","Correct"),I172) -> Incorrect | L172: =IF(I172="Incorrect",IF(H172="Incorrect","TP","FN"),IF(H172="Incorrect","FP","TN")) -> TP | M172: =IF(H172=I172,1,0) -> 1 | N172: =IF(G172=I172,1,0) -> 1 | O172: =IF(H172=K172,1,0) -> 1 | Q172: posture_T01_20261013_165543.csv
A173: T01 | B173: Squat | C173: 3 | D173: 2 | E173: 108.9 | F173: 14.5 | G173: Incorrect | H173: =IF(B173="Squat",IF(AND(E173<=Summary!$B$7,OR(F173="",F173<=Summary!$B$8)),"Correct","Incorrect"),IF(AND(E173<=Summary!$B$9,OR(F173="",F173>=Summary!$B$10)),"Correct","Incorrect")) -> Incorrect | I173: Incorrect | J173: No | K173: =IF(J173="Yes",IF(I173="Correct","Incorrect","Correct"),I173) -> Incorrect | L173: =IF(I173="Incorrect",IF(H173="Incorrect","TP","FN"),IF(H173="Incorrect","FP","TN")) -> TP | M173: =IF(H173=I173,1,0) -> 1 | N173: =IF(G173=I173,1,0) -> 1 | O173: =IF(H173=K173,1,0) -> 1 | Q173: posture_T01_20261013_165543.csv
A174: T01 | B174: Squat | C174: 3 | D174: 3 | E174: 109.9 | F174: 11.9 | G174: Incorrect | H174: =IF(B174="Squat",IF(AND(E174<=Summary!$B$7,OR(F174="",F174<=Summary!$B$8)),"Correct","Incorrect"),IF(AND(E174<=Summary!$B$9,OR(F174="",F174>=Summary!$B$10)),"Correct","Incorrect")) -> Incorrect | I174: Incorrect | J174: No | K174: =IF(J174="Yes",IF(I174="Correct","Incorrect","Correct"),I174) -> Incorrect | L174: =IF(I174="Incorrect",IF(H174="Incorrect","TP","FN"),IF(H174="Incorrect","FP","TN")) -> TP | M174: =IF(H174=I174,1,0) -> 1 | N174: =IF(G174=I174,1,0) -> 1 | O174: =IF(H174=K174,1,0) -> 1 | Q174: posture_T01_20261013_165543.csv
A175: T01 | B175: Squat | C175: 3 | D175: 4 | E175: 102.5 | F175: 13.3 | G175: Incorrect | H175: =IF(B175="Squat",IF(AND(E175<=Summary!$B$7,OR(F175="",F175<=Summary!$B$8)),"Correct","Incorrect"),IF(AND(E175<=Summary!$B$9,OR(F175="",F175>=Summary!$B$10)),"Correct","Incorrect")) -> Incorrect | I175: Incorrect | J175: No | K175: =IF(J175="Yes",IF(I175="Correct","Incorrect","Correct"),I175) -> Incorrect | L175: =IF(I175="Incorrect",IF(H175="Incorrect","TP","FN"),IF(H175="Incorrect","FP","TN")) -> TP | M175: =IF(H175=I175,1,0) -> 1 | N175: =IF(G175=I175,1,0) -> 1 | O175: =IF(H175=K175,1,0) -> 1 | Q175: posture_T01_20261013_165543.csv
A176: T01 | B176: Squat | C176: 3 | D176: 5 | E176: 103.9 | F176: 19.7 | G176: Incorrect | H176: =IF(B176="Squat",IF(AND(E176<=Summary!$B$7,OR(F176="",F176<=Summary!$B$8)),"Correct","Incorrect"),IF(AND(E176<=Summary!$B$9,OR(F176="",F176>=Summary!$B$10)),"Correct","Incorrect")) -> Incorrect | I176: Incorrect | J176: No | K176: =IF(J176="Yes",IF(I176="Correct","Incorrect","Correct"),I176) -> Incorrect | L176: =IF(I176="Incorrect",IF(H176="Incorrect","TP","FN"),IF(H176="Incorrect","FP","TN")) -> TP | M176: =IF(H176=I176,1,0) -> 1 | N176: =IF(G176=I176,1,0) -> 1 | O176: =IF(H176=K176,1,0) -> 1 | Q176: posture_T01_20261013_165543.csv
A177: T01 | B177: Squat | C177: 3 | D177: 6 | E177: 99.9 | F177: 23.1 | G177: Incorrect | H177: =IF(B177="Squat",IF(AND(E177<=Summary!$B$7,OR(F177="",F177<=Summary!$B$8)),"Correct","Incorrect"),IF(AND(E177<=Summary!$B$9,OR(F177="",F177>=Summary!$B$10)),"Correct","Incorrect")) -> Incorrect | I177: Incorrect | J177: No | K177: =IF(J177="Yes",IF(I177="Correct","Incorrect","Correct"),I177) -> Incorrect | L177: =IF(I177="Incorrect",IF(H177="Incorrect","TP","FN"),IF(H177="Incorrect","FP","TN")) -> TP | M177: =IF(H177=I177,1,0) -> 1 | N177: =IF(G177=I177,1,0) -> 1 | O177: =IF(H177=K177,1,0) -> 1 | Q177: posture_T01_20261013_165543.csv
A178: T01 | B178: Squat | C178: 3 | D178: 7 | E178: 70.4 | F178: 32.2 | G178: Correct | H178: =IF(B178="Squat",IF(AND(E178<=Summary!$B$7,OR(F178="",F178<=Summary!$B$8)),"Correct","Incorrect"),IF(AND(E178<=Summary!$B$9,OR(F178="",F178>=Summary!$B$10)),"Correct","Incorrect")) -> Correct | I178: Incorrect | J178: No | K178: =IF(J178="Yes",IF(I178="Correct","Incorrect","Correct"),I178) -> Incorrect | L178: =IF(I178="Incorrect",IF(H178="Incorrect","TP","FN"),IF(H178="Incorrect","FP","TN")) -> FN | M178: =IF(H178=I178,1,0) -> 0 | N178: =IF(G178=I178,1,0) -> 0 | O178: =IF(H178=K178,1,0) -> 0 | P178: In a "wrong" set but tester went below parallel; label may be wrong | Q178: posture_T01_20261013_165543.csv
A179: T01 | B179: Squat | C179: 3 | D179: 8 | E179: 98.8 | F179: 20.3 | G179: Incorrect | H179: =IF(B179="Squat",IF(AND(E179<=Summary!$B$7,OR(F179="",F179<=Summary!$B$8)),"Correct","Incorrect"),IF(AND(E179<=Summary!$B$9,OR(F179="",F179>=Summary!$B$10)),"Correct","Incorrect")) -> Incorrect | I179: Incorrect | J179: No | K179: =IF(J179="Yes",IF(I179="Correct","Incorrect","Correct"),I179) -> Incorrect | L179: =IF(I179="Incorrect",IF(H179="Incorrect","TP","FN"),IF(H179="Incorrect","FP","TN")) -> TP | M179: =IF(H179=I179,1,0) -> 1 | N179: =IF(G179=I179,1,0) -> 1 | O179: =IF(H179=K179,1,0) -> 1 | Q179: posture_T01_20261013_165543.csv
A180: T01 | B180: Squat | C180: 3 | D180: 9 | E180: 89.4 | F180: 22.9 | G180: Incorrect | H180: =IF(B180="Squat",IF(AND(E180<=Summary!$B$7,OR(F180="",F180<=Summary!$B$8)),"Correct","Incorrect"),IF(AND(E180<=Summary!$B$9,OR(F180="",F180>=Summary!$B$10)),"Correct","Incorrect")) -> Incorrect | I180: Incorrect | J180: No | K180: =IF(J180="Yes",IF(I180="Correct","Incorrect","Correct"),I180) -> Incorrect | L180: =IF(I180="Incorrect",IF(H180="Incorrect","TP","FN"),IF(H180="Incorrect","FP","TN")) -> TP | M180: =IF(H180=I180,1,0) -> 1 | N180: =IF(G180=I180,1,0) -> 1 | O180: =IF(H180=K180,1,0) -> 1 | Q180: posture_T01_20261013_165543.csv
A181: T01 | B181: Squat | C181: 3 | D181: 10 | E181: 95.7 | F181: 20.9 | G181: Incorrect | H181: =IF(B181="Squat",IF(AND(E181<=Summary!$B$7,OR(F181="",F181<=Summary!$B$8)),"Correct","Incorrect"),IF(AND(E181<=Summary!$B$9,OR(F181="",F181>=Summary!$B$10)),"Correct","Incorrect")) -> Incorrect | I181: Incorrect | J181: No | K181: =IF(J181="Yes",IF(I181="Correct","Incorrect","Correct"),I181) -> Incorrect | L181: =IF(I181="Incorrect",IF(H181="Incorrect","TP","FN"),IF(H181="Incorrect","FP","TN")) -> TP | M181: =IF(H181=I181,1,0) -> 1 | N181: =IF(G181=I181,1,0) -> 1 | O181: =IF(H181=K181,1,0) -> 1 | Q181: posture_T01_20261013_165543.csv
A182: T02 | B182: Squat | C182: 1 | D182: 1 | E182: 94 | F182: 178.5 | G182: Incorrect | H182: =IF(B182="Squat",IF(AND(E182<=Summary!$B$7,OR(F182="",F182<=Summary!$B$8)),"Correct","Incorrect"),IF(AND(E182<=Summary!$B$9,OR(F182="",F182>=Summary!$B$10)),"Correct","Incorrect")) -> Incorrect | I182: Correct | J182: No | K182: =IF(J182="Yes",IF(I182="Correct","Incorrect","Correct"),I182) -> Correct | L182: =IF(I182="Incorrect",IF(H182="Incorrect","TP","FN"),IF(H182="Incorrect","FP","TN")) -> FP | M182: =IF(H182=I182,1,0) -> 0 | N182: =IF(G182=I182,1,0) -> 0 | O182: =IF(H182=K182,1,0) -> 0 | P182: Pose-tracking glitch: trunk lean / knee angle implausible | Q182: posture_T02_20261013_165037.csv
A183: T02 | B183: Squat | C183: 1 | D183: 2 | E183: 79.9 | F183: 38.8 | G183: Correct | H183: =IF(B183="Squat",IF(AND(E183<=Summary!$B$7,OR(F183="",F183<=Summary!$B$8)),"Correct","Incorrect"),IF(AND(E183<=Summary!$B$9,OR(F183="",F183>=Summary!$B$10)),"Correct","Incorrect")) -> Correct | I183: Correct | J183: No | K183: =IF(J183="Yes",IF(I183="Correct","Incorrect","Correct"),I183) -> Correct | L183: =IF(I183="Incorrect",IF(H183="Incorrect","TP","FN"),IF(H183="Incorrect","FP","TN")) -> TN | M183: =IF(H183=I183,1,0) -> 1 | N183: =IF(G183=I183,1,0) -> 1 | O183: =IF(H183=K183,1,0) -> 1 | Q183: posture_T02_20261013_165037.csv
A184: T02 | B184: Squat | C184: 1 | D184: 3 | E184: 70.2 | F184: 32.6 | G184: Correct | H184: =IF(B184="Squat",IF(AND(E184<=Summary!$B$7,OR(F184="",F184<=Summary!$B$8)),"Correct","Incorrect"),IF(AND(E184<=Summary!$B$9,OR(F184="",F184>=Summary!$B$10)),"Correct","Incorrect")) -> Correct | I184: Correct | J184: No | K184: =IF(J184="Yes",IF(I184="Correct","Incorrect","Correct"),I184) -> Correct | L184: =IF(I184="Incorrect",IF(H184="Incorrect","TP","FN"),IF(H184="Incorrect","FP","TN")) -> TN | M184: =IF(H184=I184,1,0) -> 1 | N184: =IF(G184=I184,1,0) -> 1 | O184: =IF(H184=K184,1,0) -> 1 | Q184: posture_T02_20261013_165037.csv
A185: T02 | B185: Squat | C185: 1 | D185: 4 | E185: 66.2 | F185: 40.2 | G185: Correct | H185: =IF(B185="Squat",IF(AND(E185<=Summary!$B$7,OR(F185="",F185<=Summary!$B$8)),"Correct","Incorrect"),IF(AND(E185<=Summary!$B$9,OR(F185="",F185>=Summary!$B$10)),"Correct","Incorrect")) -> Correct | I185: Correct | J185: No | K185: =IF(J185="Yes",IF(I185="Correct","Incorrect","Correct"),I185) -> Correct | L185: =IF(I185="Incorrect",IF(H185="Incorrect","TP","FN"),IF(H185="Incorrect","FP","TN")) -> TN | M185: =IF(H185=I185,1,0) -> 1 | N185: =IF(G185=I185,1,0) -> 1 | O185: =IF(H185=K185,1,0) -> 1 | Q185: posture_T02_20261013_165037.csv
A186: T02 | B186: Squat | C186: 1 | D186: 5 | E186: 79.2 | F186: 35.6 | G186: Correct | H186: =IF(B186="Squat",IF(AND(E186<=Summary!$B$7,OR(F186="",F186<=Summary!$B$8)),"Correct","Incorrect"),IF(AND(E186<=Summary!$B$9,OR(F186="",F186>=Summary!$B$10)),"Correct","Incorrect")) -> Correct | I186: Correct | J186: No | K186: =IF(J186="Yes",IF(I186="Correct","Incorrect","Correct"),I186) -> Correct | L186: =IF(I186="Incorrect",IF(H186="Incorrect","TP","FN"),IF(H186="Incorrect","FP","TN")) -> TN | M186: =IF(H186=I186,1,0) -> 1 | N186: =IF(G186=I186,1,0) -> 1 | O186: =IF(H186=K186,1,0) -> 1 | Q186: posture_T02_20261013_165037.csv
A187: T02 | B187: Squat | C187: 1 | D187: 6 | E187: 77.2 | F187: 35.8 | G187: Correct | H187: =IF(B187="Squat",IF(AND(E187<=Summary!$B$7,OR(F187="",F187<=Summary!$B$8)),"Correct","Incorrect"),IF(AND(E187<=Summary!$B$9,OR(F187="",F187>=Summary!$B$10)),"Correct","Incorrect")) -> Correct | I187: Correct | J187: No | K187: =IF(J187="Yes",IF(I187="Correct","Incorrect","Correct"),I187) -> Correct | L187: =IF(I187="Incorrect",IF(H187="Incorrect","TP","FN"),IF(H187="Incorrect","FP","TN")) -> TN | M187: =IF(H187=I187,1,0) -> 1 | N187: =IF(G187=I187,1,0) -> 1 | O187: =IF(H187=K187,1,0) -> 1 | Q187: posture_T02_20261013_165037.csv
A188: T02 | B188: Squat | C188: 1 | D188: 7 | E188: 74.4 | F188: 35.3 | G188: Correct | H188: =IF(B188="Squat",IF(AND(E188<=Summary!$B$7,OR(F188="",F188<=Summary!$B$8)),"Correct","Incorrect"),IF(AND(E188<=Summary!$B$9,OR(F188="",F188>=Summary!$B$10)),"Correct","Incorrect")) -> Correct | I188: Correct | J188: No | K188: =IF(J188="Yes",IF(I188="Correct","Incorrect","Correct"),I188) -> Correct | L188: =IF(I188="Incorrect",IF(H188="Incorrect","TP","FN"),IF(H188="Incorrect","FP","TN")) -> TN | M188: =IF(H188=I188,1,0) -> 1 | N188: =IF(G188=I188,1,0) -> 1 | O188: =IF(H188=K188,1,0) -> 1 | Q188: posture_T02_20261013_165037.csv
A189: T02 | B189: Squat | C189: 1 | D189: 8 | E189: 77.2 | F189: 37.1 | G189: Correct | H189: =IF(B189="Squat",IF(AND(E189<=Summary!$B$7,OR(F189="",F189<=Summary!$B$8)),"Correct","Incorrect"),IF(AND(E189<=Summary!$B$9,OR(F189="",F189>=Summary!$B$10)),"Correct","Incorrect")) -> Correct | I189: Correct | J189: No | K189: =IF(J189="Yes",IF(I189="Correct","Incorrect","Correct"),I189) -> Correct | L189: =IF(I189="Incorrect",IF(H189="Incorrect","TP","FN"),IF(H189="Incorrect","FP","TN")) -> TN | M189: =IF(H189=I189,1,0) -> 1 | N189: =IF(G189=I189,1,0) -> 1 | O189: =IF(H189=K189,1,0) -> 1 | Q189: posture_T02_20261013_165037.csv
A190: T02 | B190: Squat | C190: 1 | D190: 9 | E190: 76.9 | F190: 37.2 | G190: Correct | H190: =IF(B190="Squat",IF(AND(E190<=Summary!$B$7,OR(F190="",F190<=Summary!$B$8)),"Correct","Incorrect"),IF(AND(E190<=Summary!$B$9,OR(F190="",F190>=Summary!$B$10)),"Correct","Incorrect")) -> Correct | I190: Correct | J190: No | K190: =IF(J190="Yes",IF(I190="Correct","Incorrect","Correct"),I190) -> Correct | L190: =IF(I190="Incorrect",IF(H190="Incorrect","TP","FN"),IF(H190="Incorrect","FP","TN")) -> TN | M190: =IF(H190=I190,1,0) -> 1 | N190: =IF(G190=I190,1,0) -> 1 | O190: =IF(H190=K190,1,0) -> 1 | Q190: posture_T02_20261013_165037.csv
A191: T02 | B191: Squat | C191: 1 | D191: 10 | E191: 77 | F191: 36.4 | G191: Correct | H191: =IF(B191="Squat",IF(AND(E191<=Summary!$B$7,OR(F191="",F191<=Summary!$B$8)),"Correct","Incorrect"),IF(AND(E191<=Summary!$B$9,OR(F191="",F191>=Summary!$B$10)),"Correct","Incorrect")) -> Correct | I191: Correct | J191: No | K191: =IF(J191="Yes",IF(I191="Correct","Incorrect","Correct"),I191) -> Correct | L191: =IF(I191="Incorrect",IF(H191="Incorrect","TP","FN"),IF(H191="Incorrect","FP","TN")) -> TN | M191: =IF(H191=I191,1,0) -> 1 | N191: =IF(G191=I191,1,0) -> 1 | O191: =IF(H191=K191,1,0) -> 1 | Q191: posture_T02_20261013_165037.csv
A192: T02 | B192: Squat | C192: 2 | D192: 1 | E192: 83.6 | F192: 32.9 | G192: Correct | H192: =IF(B192="Squat",IF(AND(E192<=Summary!$B$7,OR(F192="",F192<=Summary!$B$8)),"Correct","Incorrect"),IF(AND(E192<=Summary!$B$9,OR(F192="",F192>=Summary!$B$10)),"Correct","Incorrect")) -> Incorrect | I192: Correct | J192: No | K192: =IF(J192="Yes",IF(I192="Correct","Incorrect","Correct"),I192) -> Correct | L192: =IF(I192="Incorrect",IF(H192="Incorrect","TP","FN"),IF(H192="Incorrect","FP","TN")) -> FP | M192: =IF(H192=I192,1,0) -> 0 | N192: =IF(G192=I192,1,0) -> 1 | O192: =IF(H192=K192,1,0) -> 0 | P192: Logged verdict TRUE contradicts the code rule (angle > 80°). File was re-saved in Excel. Rule verdict used. | Q192: posture_T02_20261013_165037.csv
A193: T02 | B193: Squat | C193: 2 | D193: 2 | E193: 81.2 | F193: 33.2 | G193: Correct | H193: =IF(B193="Squat",IF(AND(E193<=Summary!$B$7,OR(F193="",F193<=Summary!$B$8)),"Correct","Incorrect"),IF(AND(E193<=Summary!$B$9,OR(F193="",F193>=Summary!$B$10)),"Correct","Incorrect")) -> Incorrect | I193: Correct | J193: No | K193: =IF(J193="Yes",IF(I193="Correct","Incorrect","Correct"),I193) -> Correct | L193: =IF(I193="Incorrect",IF(H193="Incorrect","TP","FN"),IF(H193="Incorrect","FP","TN")) -> FP | M193: =IF(H193=I193,1,0) -> 0 | N193: =IF(G193=I193,1,0) -> 1 | O193: =IF(H193=K193,1,0) -> 0 | P193: Logged verdict TRUE contradicts the code rule (angle > 80°). File was re-saved in Excel. Rule verdict used. | Q193: posture_T02_20261013_165037.csv
A194: T02 | B194: Squat | C194: 2 | D194: 3 | E194: 79.6 | F194: 34.8 | G194: Correct | H194: =IF(B194="Squat",IF(AND(E194<=Summary!$B$7,OR(F194="",F194<=Summary!$B$8)),"Correct","Incorrect"),IF(AND(E194<=Summary!$B$9,OR(F194="",F194>=Summary!$B$10)),"Correct","Incorrect")) -> Correct | I194: Correct | J194: No | K194: =IF(J194="Yes",IF(I194="Correct","Incorrect","Correct"),I194) -> Correct | L194: =IF(I194="Incorrect",IF(H194="Incorrect","TP","FN"),IF(H194="Incorrect","FP","TN")) -> TN | M194: =IF(H194=I194,1,0) -> 1 | N194: =IF(G194=I194,1,0) -> 1 | O194: =IF(H194=K194,1,0) -> 1 | Q194: posture_T02_20261013_165037.csv
A195: T02 | B195: Squat | C195: 2 | D195: 4 | E195: 81.1 | F195: 35.7 | G195: Correct | H195: =IF(B195="Squat",IF(AND(E195<=Summary!$B$7,OR(F195="",F195<=Summary!$B$8)),"Correct","Incorrect"),IF(AND(E195<=Summary!$B$9,OR(F195="",F195>=Summary!$B$10)),"Correct","Incorrect")) -> Incorrect | I195: Correct | J195: No | K195: =IF(J195="Yes",IF(I195="Correct","Incorrect","Correct"),I195) -> Correct | L195: =IF(I195="Incorrect",IF(H195="Incorrect","TP","FN"),IF(H195="Incorrect","FP","TN")) -> FP | M195: =IF(H195=I195,1,0) -> 0 | N195: =IF(G195=I195,1,0) -> 1 | O195: =IF(H195=K195,1,0) -> 0 | P195: Logged verdict TRUE contradicts the code rule (angle > 80°). File was re-saved in Excel. Rule verdict used. | Q195: posture_T02_20261013_165037.csv
A196: T02 | B196: Squat | C196: 2 | D196: 5 | E196: 79.6 | F196: 36.4 | G196: Correct | H196: =IF(B196="Squat",IF(AND(E196<=Summary!$B$7,OR(F196="",F196<=Summary!$B$8)),"Correct","Incorrect"),IF(AND(E196<=Summary!$B$9,OR(F196="",F196>=Summary!$B$10)),"Correct","Incorrect")) -> Correct | I196: Correct | J196: No | K196: =IF(J196="Yes",IF(I196="Correct","Incorrect","Correct"),I196) -> Correct | L196: =IF(I196="Incorrect",IF(H196="Incorrect","TP","FN"),IF(H196="Incorrect","FP","TN")) -> TN | M196: =IF(H196=I196,1,0) -> 1 | N196: =IF(G196=I196,1,0) -> 1 | O196: =IF(H196=K196,1,0) -> 1 | Q196: posture_T02_20261013_165037.csv
A197: T02 | B197: Squat | C197: 2 | D197: 6 | E197: 77.2 | F197: 34.5 | G197: Correct | H197: =IF(B197="Squat",IF(AND(E197<=Summary!$B$7,OR(F197="",F197<=Summary!$B$8)),"Correct","Incorrect"),IF(AND(E197<=Summary!$B$9,OR(F197="",F197>=Summary!$B$10)),"Correct","Incorrect")) -> Correct | I197: Correct | J197: No | K197: =IF(J197="Yes",IF(I197="Correct","Incorrect","Correct"),I197) -> Correct | L197: =IF(I197="Incorrect",IF(H197="Incorrect","TP","FN"),IF(H197="Incorrect","FP","TN")) -> TN | M197: =IF(H197=I197,1,0) -> 1 | N197: =IF(G197=I197,1,0) -> 1 | O197: =IF(H197=K197,1,0) -> 1 | Q197: posture_T02_20261013_165037.csv
A198: T02 | B198: Squat | C198: 2 | D198: 7 | E198: 81.4 | F198: 38.4 | G198: Correct | H198: =IF(B198="Squat",IF(AND(E198<=Summary!$B$7,OR(F198="",F198<=Summary!$B$8)),"Correct","Incorrect"),IF(AND(E198<=Summary!$B$9,OR(F198="",F198>=Summary!$B$10)),"Correct","Incorrect")) -> Incorrect | I198: Correct | J198: No | K198: =IF(J198="Yes",IF(I198="Correct","Incorrect","Correct"),I198) -> Correct | L198: =IF(I198="Incorrect",IF(H198="Incorrect","TP","FN"),IF(H198="Incorrect","FP","TN")) -> FP | M198: =IF(H198=I198,1,0) -> 0 | N198: =IF(G198=I198,1,0) -> 1 | O198: =IF(H198=K198,1,0) -> 0 | P198: Logged verdict TRUE contradicts the code rule (angle > 80°). File was re-saved in Excel. Rule verdict used. | Q198: posture_T02_20261013_165037.csv
A199: T02 | B199: Squat | C199: 2 | D199: 8 | E199: 72.3 | F199: 32.8 | G199: Correct | H199: =IF(B199="Squat",IF(AND(E199<=Summary!$B$7,OR(F199="",F199<=Summary!$B$8)),"Correct","Incorrect"),IF(AND(E199<=Summary!$B$9,OR(F199="",F199>=Summary!$B$10)),"Correct","Incorrect")) -> Correct | I199: Correct | J199: No | K199: =IF(J199="Yes",IF(I199="Correct","Incorrect","Correct"),I199) -> Correct | L199: =IF(I199="Incorrect",IF(H199="Incorrect","TP","FN"),IF(H199="Incorrect","FP","TN")) -> TN | M199: =IF(H199=I199,1,0) -> 1 | N199: =IF(G199=I199,1,0) -> 1 | O199: =IF(H199=K199,1,0) -> 1 | Q199: posture_T02_20261013_165037.csv
A200: T02 | B200: Squat | C200: 2 | D200: 9 | E200: 79.5 | F200: 33.6 | G200: Correct | H200: =IF(B200="Squat",IF(AND(E200<=Summary!$B$7,OR(F200="",F200<=Summary!$B$8)),"Correct","Incorrect"),IF(AND(E200<=Summary!$B$9,OR(F200="",F200>=Summary!$B$10)),"Correct","Incorrect")) -> Correct | I200: Correct | J200: No | K200: =IF(J200="Yes",IF(I200="Correct","Incorrect","Correct"),I200) -> Correct | L200: =IF(I200="Incorrect",IF(H200="Incorrect","TP","FN"),IF(H200="Incorrect","FP","TN")) -> TN | M200: =IF(H200=I200,1,0) -> 1 | N200: =IF(G200=I200,1,0) -> 1 | O200: =IF(H200=K200,1,0) -> 1 | Q200: posture_T02_20261013_165037.csv
A201: T02 | B201: Squat | C201: 2 | D201: 10 | E201: 79 | F201: 33.4 | G201: Correct | H201: =IF(B201="Squat",IF(AND(E201<=Summary!$B$7,OR(F201="",F201<=Summary!$B$8)),"Correct","Incorrect"),IF(AND(E201<=Summary!$B$9,OR(F201="",F201>=Summary!$B$10)),"Correct","Incorrect")) -> Correct | I201: Correct | J201: No | K201: =IF(J201="Yes",IF(I201="Correct","Incorrect","Correct"),I201) -> Correct | L201: =IF(I201="Incorrect",IF(H201="Incorrect","TP","FN"),IF(H201="Incorrect","FP","TN")) -> TN | M201: =IF(H201=I201,1,0) -> 1 | N201: =IF(G201=I201,1,0) -> 1 | O201: =IF(H201=K201,1,0) -> 1 | Q201: posture_T02_20261013_165037.csv
A202: T02 | B202: Squat | C202: 3 | D202: 1 | E202: 63.9 | F202: 41.6 | G202: Correct | H202: =IF(B202="Squat",IF(AND(E202<=Summary!$B$7,OR(F202="",F202<=Summary!$B$8)),"Correct","Incorrect"),IF(AND(E202<=Summary!$B$9,OR(F202="",F202>=Summary!$B$10)),"Correct","Incorrect")) -> Correct | I202: Incorrect | J202: No | K202: =IF(J202="Yes",IF(I202="Correct","Incorrect","Correct"),I202) -> Incorrect | L202: =IF(I202="Incorrect",IF(H202="Incorrect","TP","FN"),IF(H202="Incorrect","FP","TN")) -> FN | M202: =IF(H202=I202,1,0) -> 0 | N202: =IF(G202=I202,1,0) -> 0 | O202: =IF(H202=K202,1,0) -> 0 | P202: In a "wrong" set but tester went below parallel; label may be wrong | Q202: posture_T02_20261013_165037.csv
A203: T02 | B203: Squat | C203: 3 | D203: 2 | E203: 63.9 | F203: 39.8 | G203: Correct | H203: =IF(B203="Squat",IF(AND(E203<=Summary!$B$7,OR(F203="",F203<=Summary!$B$8)),"Correct","Incorrect"),IF(AND(E203<=Summary!$B$9,OR(F203="",F203>=Summary!$B$10)),"Correct","Incorrect")) -> Correct | I203: Incorrect | J203: No | K203: =IF(J203="Yes",IF(I203="Correct","Incorrect","Correct"),I203) -> Incorrect | L203: =IF(I203="Incorrect",IF(H203="Incorrect","TP","FN"),IF(H203="Incorrect","FP","TN")) -> FN | M203: =IF(H203=I203,1,0) -> 0 | N203: =IF(G203=I203,1,0) -> 0 | O203: =IF(H203=K203,1,0) -> 0 | P203: In a "wrong" set but tester went below parallel; label may be wrong | Q203: posture_T02_20261013_165037.csv
A204: T02 | B204: Squat | C204: 3 | D204: 3 | E204: 104.7 | F204: 19.3 | G204: Incorrect | H204: =IF(B204="Squat",IF(AND(E204<=Summary!$B$7,OR(F204="",F204<=Summary!$B$8)),"Correct","Incorrect"),IF(AND(E204<=Summary!$B$9,OR(F204="",F204>=Summary!$B$10)),"Correct","Incorrect")) -> Incorrect | I204: Incorrect | J204: No | K204: =IF(J204="Yes",IF(I204="Correct","Incorrect","Correct"),I204) -> Incorrect | L204: =IF(I204="Incorrect",IF(H204="Incorrect","TP","FN"),IF(H204="Incorrect","FP","TN")) -> TP | M204: =IF(H204=I204,1,0) -> 1 | N204: =IF(G204=I204,1,0) -> 1 | O204: =IF(H204=K204,1,0) -> 1 | Q204: posture_T02_20261013_165037.csv
A205: T02 | B205: Squat | C205: 3 | D205: 4 | E205: 104.6 | F205: 19.7 | G205: Incorrect | H205: =IF(B205="Squat",IF(AND(E205<=Summary!$B$7,OR(F205="",F205<=Summary!$B$8)),"Correct","Incorrect"),IF(AND(E205<=Summary!$B$9,OR(F205="",F205>=Summary!$B$10)),"Correct","Incorrect")) -> Incorrect | I205: Incorrect | J205: No | K205: =IF(J205="Yes",IF(I205="Correct","Incorrect","Correct"),I205) -> Incorrect | L205: =IF(I205="Incorrect",IF(H205="Incorrect","TP","FN"),IF(H205="Incorrect","FP","TN")) -> TP | M205: =IF(H205=I205,1,0) -> 1 | N205: =IF(G205=I205,1,0) -> 1 | O205: =IF(H205=K205,1,0) -> 1 | Q205: posture_T02_20261013_165037.csv
A206: T02 | B206: Squat | C206: 3 | D206: 5 | E206: 109 | F206: 14.8 | G206: Incorrect | H206: =IF(B206="Squat",IF(AND(E206<=Summary!$B$7,OR(F206="",F206<=Summary!$B$8)),"Correct","Incorrect"),IF(AND(E206<=Summary!$B$9,OR(F206="",F206>=Summary!$B$10)),"Correct","Incorrect")) -> Incorrect | I206: Incorrect | J206: No | K206: =IF(J206="Yes",IF(I206="Correct","Incorrect","Correct"),I206) -> Incorrect | L206: =IF(I206="Incorrect",IF(H206="Incorrect","TP","FN"),IF(H206="Incorrect","FP","TN")) -> TP | M206: =IF(H206=I206,1,0) -> 1 | N206: =IF(G206=I206,1,0) -> 1 | O206: =IF(H206=K206,1,0) -> 1 | Q206: posture_T02_20261013_165037.csv
A207: T02 | B207: Squat | C207: 3 | D207: 6 | E207: 41.1 | F207: 37.2 | G207: Correct | H207: =IF(B207="Squat",IF(AND(E207<=Summary!$B$7,OR(F207="",F207<=Summary!$B$8)),"Correct","Incorrect"),IF(AND(E207<=Summary!$B$9,OR(F207="",F207>=Summary!$B$10)),"Correct","Incorrect")) -> Correct | I207: Incorrect | J207: No | K207: =IF(J207="Yes",IF(I207="Correct","Incorrect","Correct"),I207) -> Incorrect | L207: =IF(I207="Incorrect",IF(H207="Incorrect","TP","FN"),IF(H207="Incorrect","FP","TN")) -> FN | M207: =IF(H207=I207,1,0) -> 0 | N207: =IF(G207=I207,1,0) -> 0 | O207: =IF(H207=K207,1,0) -> 0 | P207: In a "wrong" set but tester went below parallel; label may be wrong | Q207: posture_T02_20261013_165037.csv
A208: T02 | B208: Squat | C208: 3 | D208: 7 | E208: 107.1 | F208: 18.4 | G208: Incorrect | H208: =IF(B208="Squat",IF(AND(E208<=Summary!$B$7,OR(F208="",F208<=Summary!$B$8)),"Correct","Incorrect"),IF(AND(E208<=Summary!$B$9,OR(F208="",F208>=Summary!$B$10)),"Correct","Incorrect")) -> Incorrect | I208: Incorrect | J208: No | K208: =IF(J208="Yes",IF(I208="Correct","Incorrect","Correct"),I208) -> Incorrect | L208: =IF(I208="Incorrect",IF(H208="Incorrect","TP","FN"),IF(H208="Incorrect","FP","TN")) -> TP | M208: =IF(H208=I208,1,0) -> 1 | N208: =IF(G208=I208,1,0) -> 1 | O208: =IF(H208=K208,1,0) -> 1 | Q208: posture_T02_20261013_165037.csv
A209: T02 | B209: Squat | C209: 3 | D209: 8 | E209: 103.5 | F209: 21.7 | G209: Incorrect | H209: =IF(B209="Squat",IF(AND(E209<=Summary!$B$7,OR(F209="",F209<=Summary!$B$8)),"Correct","Incorrect"),IF(AND(E209<=Summary!$B$9,OR(F209="",F209>=Summary!$B$10)),"Correct","Incorrect")) -> Incorrect | I209: Incorrect | J209: No | K209: =IF(J209="Yes",IF(I209="Correct","Incorrect","Correct"),I209) -> Incorrect | L209: =IF(I209="Incorrect",IF(H209="Incorrect","TP","FN"),IF(H209="Incorrect","FP","TN")) -> TP | M209: =IF(H209=I209,1,0) -> 1 | N209: =IF(G209=I209,1,0) -> 1 | O209: =IF(H209=K209,1,0) -> 1 | Q209: posture_T02_20261013_165037.csv
A210: T02 | B210: Squat | C210: 3 | D210: 9 | E210: 103.5 | F210: 20.4 | G210: Incorrect | H210: =IF(B210="Squat",IF(AND(E210<=Summary!$B$7,OR(F210="",F210<=Summary!$B$8)),"Correct","Incorrect"),IF(AND(E210<=Summary!$B$9,OR(F210="",F210>=Summary!$B$10)),"Correct","Incorrect")) -> Incorrect | I210: Incorrect | J210: No | K210: =IF(J210="Yes",IF(I210="Correct","Incorrect","Correct"),I210) -> Incorrect | L210: =IF(I210="Incorrect",IF(H210="Incorrect","TP","FN"),IF(H210="Incorrect","FP","TN")) -> TP | M210: =IF(H210=I210,1,0) -> 1 | N210: =IF(G210=I210,1,0) -> 1 | O210: =IF(H210=K210,1,0) -> 1 | Q210: posture_T02_20261013_165037.csv
A211: T02 | B211: Squat | C211: 3 | D211: 10 | E211: 106.2 | F211: 21.8 | G211: Incorrect | H211: =IF(B211="Squat",IF(AND(E211<=Summary!$B$7,OR(F211="",F211<=Summary!$B$8)),"Correct","Incorrect"),IF(AND(E211<=Summary!$B$9,OR(F211="",F211>=Summary!$B$10)),"Correct","Incorrect")) -> Incorrect | I211: Incorrect | J211: No | K211: =IF(J211="Yes",IF(I211="Correct","Incorrect","Correct"),I211) -> Incorrect | L211: =IF(I211="Incorrect",IF(H211="Incorrect","TP","FN"),IF(H211="Incorrect","FP","TN")) -> TP | M211: =IF(H211=I211,1,0) -> 1 | N211: =IF(G211=I211,1,0) -> 1 | O211: =IF(H211=K211,1,0) -> 1 | P211: Flipped twice (net no change) | Q211: posture_T02_20261013_165037.csv
A212: T03 | B212: Squat | C212: 1 | D212: 1 | E212: 81.1 | F212: 35.1 | G212: Incorrect | H212: =IF(B212="Squat",IF(AND(E212<=Summary!$B$7,OR(F212="",F212<=Summary!$B$8)),"Correct","Incorrect"),IF(AND(E212<=Summary!$B$9,OR(F212="",F212>=Summary!$B$10)),"Correct","Incorrect")) -> Incorrect | I212: Incorrect | J212: Yes | K212: =IF(J212="Yes",IF(I212="Correct","Incorrect","Correct"),I212) -> Correct | L212: =IF(I212="Incorrect",IF(H212="Incorrect","TP","FN"),IF(H212="Incorrect","FP","TN")) -> TP | M212: =IF(H212=I212,1,0) -> 1 | N212: =IF(G212=I212,1,0) -> 1 | O212: =IF(H212=K212,1,0) -> 0 | P212: Observer flipped the label | Q212: posture_T03_20261013_170521.csv
A213: T03 | B213: Squat | C213: 1 | D213: 2 | E213: 15.8 | F213: 172.4 | G213: Incorrect | H213: =IF(B213="Squat",IF(AND(E213<=Summary!$B$7,OR(F213="",F213<=Summary!$B$8)),"Correct","Incorrect"),IF(AND(E213<=Summary!$B$9,OR(F213="",F213>=Summary!$B$10)),"Correct","Incorrect")) -> Incorrect | I213: Incorrect | J213: Yes | K213: =IF(J213="Yes",IF(I213="Correct","Incorrect","Correct"),I213) -> Correct | L213: =IF(I213="Incorrect",IF(H213="Incorrect","TP","FN"),IF(H213="Incorrect","FP","TN")) -> TP | M213: =IF(H213=I213,1,0) -> 1 | N213: =IF(G213=I213,1,0) -> 1 | O213: =IF(H213=K213,1,0) -> 0 | P213: Pose-tracking glitch: trunk lean / knee angle implausible; Pose-tracking glitch: knee angle implausible; Observer flipped the label | Q213: posture_T03_20261013_170521.csv
A214: T03 | B214: Squat | C214: 1 | D214: 3 | E214: 83.6 | F214: 32 | G214: Incorrect | H214: =IF(B214="Squat",IF(AND(E214<=Summary!$B$7,OR(F214="",F214<=Summary!$B$8)),"Correct","Incorrect"),IF(AND(E214<=Summary!$B$9,OR(F214="",F214>=Summary!$B$10)),"Correct","Incorrect")) -> Incorrect | I214: Incorrect | J214: Yes | K214: =IF(J214="Yes",IF(I214="Correct","Incorrect","Correct"),I214) -> Correct | L214: =IF(I214="Incorrect",IF(H214="Incorrect","TP","FN"),IF(H214="Incorrect","FP","TN")) -> TP | M214: =IF(H214=I214,1,0) -> 1 | N214: =IF(G214=I214,1,0) -> 1 | O214: =IF(H214=K214,1,0) -> 0 | P214: Observer flipped the label | Q214: posture_T03_20261013_170521.csv
A215: T03 | B215: Squat | C215: 1 | D215: 4 | E215: 69.5 | F215: 31.8 | G215: Correct | H215: =IF(B215="Squat",IF(AND(E215<=Summary!$B$7,OR(F215="",F215<=Summary!$B$8)),"Correct","Incorrect"),IF(AND(E215<=Summary!$B$9,OR(F215="",F215>=Summary!$B$10)),"Correct","Incorrect")) -> Correct | I215: Correct | J215: No | K215: =IF(J215="Yes",IF(I215="Correct","Incorrect","Correct"),I215) -> Correct | L215: =IF(I215="Incorrect",IF(H215="Incorrect","TP","FN"),IF(H215="Incorrect","FP","TN")) -> TN | M215: =IF(H215=I215,1,0) -> 1 | N215: =IF(G215=I215,1,0) -> 1 | O215: =IF(H215=K215,1,0) -> 1 | Q215: posture_T03_20261013_170521.csv
A216: T03 | B216: Squat | C216: 1 | D216: 5 | E216: 74.6 | F216: 31.1 | G216: Correct | H216: =IF(B216="Squat",IF(AND(E216<=Summary!$B$7,OR(F216="",F216<=Summary!$B$8)),"Correct","Incorrect"),IF(AND(E216<=Summary!$B$9,OR(F216="",F216>=Summary!$B$10)),"Correct","Incorrect")) -> Correct | I216: Correct | J216: No | K216: =IF(J216="Yes",IF(I216="Correct","Incorrect","Correct"),I216) -> Correct | L216: =IF(I216="Incorrect",IF(H216="Incorrect","TP","FN"),IF(H216="Incorrect","FP","TN")) -> TN | M216: =IF(H216=I216,1,0) -> 1 | N216: =IF(G216=I216,1,0) -> 1 | O216: =IF(H216=K216,1,0) -> 1 | Q216: posture_T03_20261013_170521.csv
A217: T03 | B217: Squat | C217: 1 | D217: 6 | E217: 71.7 | F217: 30.6 | G217: Correct | H217: =IF(B217="Squat",IF(AND(E217<=Summary!$B$7,OR(F217="",F217<=Summary!$B$8)),"Correct","Incorrect"),IF(AND(E217<=Summary!$B$9,OR(F217="",F217>=Summary!$B$10)),"Correct","Incorrect")) -> Correct | I217: Correct | J217: No | K217: =IF(J217="Yes",IF(I217="Correct","Incorrect","Correct"),I217) -> Correct | L217: =IF(I217="Incorrect",IF(H217="Incorrect","TP","FN"),IF(H217="Incorrect","FP","TN")) -> TN | M217: =IF(H217=I217,1,0) -> 1 | N217: =IF(G217=I217,1,0) -> 1 | O217: =IF(H217=K217,1,0) -> 1 | Q217: posture_T03_20261013_170521.csv
A218: T03 | B218: Squat | C218: 1 | D218: 7 | E218: 71.8 | F218: 30.9 | G218: Correct | H218: =IF(B218="Squat",IF(AND(E218<=Summary!$B$7,OR(F218="",F218<=Summary!$B$8)),"Correct","Incorrect"),IF(AND(E218<=Summary!$B$9,OR(F218="",F218>=Summary!$B$10)),"Correct","Incorrect")) -> Correct | I218: Correct | J218: No | K218: =IF(J218="Yes",IF(I218="Correct","Incorrect","Correct"),I218) -> Correct | L218: =IF(I218="Incorrect",IF(H218="Incorrect","TP","FN"),IF(H218="Incorrect","FP","TN")) -> TN | M218: =IF(H218=I218,1,0) -> 1 | N218: =IF(G218=I218,1,0) -> 1 | O218: =IF(H218=K218,1,0) -> 1 | Q218: posture_T03_20261013_170521.csv
A219: T03 | B219: Squat | C219: 1 | D219: 8 | E219: 75.6 | F219: 30.3 | G219: Correct | H219: =IF(B219="Squat",IF(AND(E219<=Summary!$B$7,OR(F219="",F219<=Summary!$B$8)),"Correct","Incorrect"),IF(AND(E219<=Summary!$B$9,OR(F219="",F219>=Summary!$B$10)),"Correct","Incorrect")) -> Correct | I219: Correct | J219: No | K219: =IF(J219="Yes",IF(I219="Correct","Incorrect","Correct"),I219) -> Correct | L219: =IF(I219="Incorrect",IF(H219="Incorrect","TP","FN"),IF(H219="Incorrect","FP","TN")) -> TN | M219: =IF(H219=I219,1,0) -> 1 | N219: =IF(G219=I219,1,0) -> 1 | O219: =IF(H219=K219,1,0) -> 1 | Q219: posture_T03_20261013_170521.csv
A220: T03 | B220: Squat | C220: 1 | D220: 9 | E220: 75.4 | F220: 30.7 | G220: Correct | H220: =IF(B220="Squat",IF(AND(E220<=Summary!$B$7,OR(F220="",F220<=Summary!$B$8)),"Correct","Incorrect"),IF(AND(E220<=Summary!$B$9,OR(F220="",F220>=Summary!$B$10)),"Correct","Incorrect")) -> Correct | I220: Correct | J220: No | K220: =IF(J220="Yes",IF(I220="Correct","Incorrect","Correct"),I220) -> Correct | L220: =IF(I220="Incorrect",IF(H220="Incorrect","TP","FN"),IF(H220="Incorrect","FP","TN")) -> TN | M220: =IF(H220=I220,1,0) -> 1 | N220: =IF(G220=I220,1,0) -> 1 | O220: =IF(H220=K220,1,0) -> 1 | Q220: posture_T03_20261013_170521.csv
A221: T03 | B221: Squat | C221: 1 | D221: 10 | E221: 72.4 | F221: 33.3 | G221: Correct | H221: =IF(B221="Squat",IF(AND(E221<=Summary!$B$7,OR(F221="",F221<=Summary!$B$8)),"Correct","Incorrect"),IF(AND(E221<=Summary!$B$9,OR(F221="",F221>=Summary!$B$10)),"Correct","Incorrect")) -> Correct | I221: Correct | J221: No | K221: =IF(J221="Yes",IF(I221="Correct","Incorrect","Correct"),I221) -> Correct | L221: =IF(I221="Incorrect",IF(H221="Incorrect","TP","FN"),IF(H221="Incorrect","FP","TN")) -> TN | M221: =IF(H221=I221,1,0) -> 1 | N221: =IF(G221=I221,1,0) -> 1 | O221: =IF(H221=K221,1,0) -> 1 | Q221: posture_T03_20261013_170521.csv
A222: T03 | B222: Squat | C222: 2 | D222: 1 | E222: 107.8 | F222: 17.9 | G222: Incorrect | H222: =IF(B222="Squat",IF(AND(E222<=Summary!$B$7,OR(F222="",F222<=Summary!$B$8)),"Correct","Incorrect"),IF(AND(E222<=Summary!$B$9,OR(F222="",F222>=Summary!$B$10)),"Correct","Incorrect")) -> Incorrect | I222: Incorrect | J222: No | K222: =IF(J222="Yes",IF(I222="Correct","Incorrect","Correct"),I222) -> Incorrect | L222: =IF(I222="Incorrect",IF(H222="Incorrect","TP","FN"),IF(H222="Incorrect","FP","TN")) -> TP | M222: =IF(H222=I222,1,0) -> 1 | N222: =IF(G222=I222,1,0) -> 1 | O222: =IF(H222=K222,1,0) -> 1 | Q222: posture_T03_20261013_170521.csv
A223: T03 | B223: Squat | C223: 2 | D223: 2 | E223: 103.7 | F223: 24.9 | G223: Incorrect | H223: =IF(B223="Squat",IF(AND(E223<=Summary!$B$7,OR(F223="",F223<=Summary!$B$8)),"Correct","Incorrect"),IF(AND(E223<=Summary!$B$9,OR(F223="",F223>=Summary!$B$10)),"Correct","Incorrect")) -> Incorrect | I223: Incorrect | J223: No | K223: =IF(J223="Yes",IF(I223="Correct","Incorrect","Correct"),I223) -> Incorrect | L223: =IF(I223="Incorrect",IF(H223="Incorrect","TP","FN"),IF(H223="Incorrect","FP","TN")) -> TP | M223: =IF(H223=I223,1,0) -> 1 | N223: =IF(G223=I223,1,0) -> 1 | O223: =IF(H223=K223,1,0) -> 1 | Q223: posture_T03_20261013_170521.csv
A224: T03 | B224: Squat | C224: 2 | D224: 3 | E224: 98.5 | F224: 25 | G224: Incorrect | H224: =IF(B224="Squat",IF(AND(E224<=Summary!$B$7,OR(F224="",F224<=Summary!$B$8)),"Correct","Incorrect"),IF(AND(E224<=Summary!$B$9,OR(F224="",F224>=Summary!$B$10)),"Correct","Incorrect")) -> Incorrect | I224: Incorrect | J224: No | K224: =IF(J224="Yes",IF(I224="Correct","Incorrect","Correct"),I224) -> Incorrect | L224: =IF(I224="Incorrect",IF(H224="Incorrect","TP","FN"),IF(H224="Incorrect","FP","TN")) -> TP | M224: =IF(H224=I224,1,0) -> 1 | N224: =IF(G224=I224,1,0) -> 1 | O224: =IF(H224=K224,1,0) -> 1 | Q224: posture_T03_20261013_170521.csv
A225: T03 | B225: Squat | C225: 2 | D225: 4 | E225: 104.4 | F225: 19.1 | G225: Incorrect | H225: =IF(B225="Squat",IF(AND(E225<=Summary!$B$7,OR(F225="",F225<=Summary!$B$8)),"Correct","Incorrect"),IF(AND(E225<=Summary!$B$9,OR(F225="",F225>=Summary!$B$10)),"Correct","Incorrect")) -> Incorrect | I225: Incorrect | J225: No | K225: =IF(J225="Yes",IF(I225="Correct","Incorrect","Correct"),I225) -> Incorrect | L225: =IF(I225="Incorrect",IF(H225="Incorrect","TP","FN"),IF(H225="Incorrect","FP","TN")) -> TP | M225: =IF(H225=I225,1,0) -> 1 | N225: =IF(G225=I225,1,0) -> 1 | O225: =IF(H225=K225,1,0) -> 1 | Q225: posture_T03_20261013_170521.csv
A226: T03 | B226: Squat | C226: 2 | D226: 5 | E226: 106.7 | F226: 15.4 | G226: Incorrect | H226: =IF(B226="Squat",IF(AND(E226<=Summary!$B$7,OR(F226="",F226<=Summary!$B$8)),"Correct","Incorrect"),IF(AND(E226<=Summary!$B$9,OR(F226="",F226>=Summary!$B$10)),"Correct","Incorrect")) -> Incorrect | I226: Incorrect | J226: No | K226: =IF(J226="Yes",IF(I226="Correct","Incorrect","Correct"),I226) -> Incorrect | L226: =IF(I226="Incorrect",IF(H226="Incorrect","TP","FN"),IF(H226="Incorrect","FP","TN")) -> TP | M226: =IF(H226=I226,1,0) -> 1 | N226: =IF(G226=I226,1,0) -> 1 | O226: =IF(H226=K226,1,0) -> 1 | Q226: posture_T03_20261013_170521.csv
... A229: T03 | B229: Squat | C229: 2 | D229: 8 | E229: 103.8 | F229: 16.4 | G229: Incorrect | H229: =IF(B229="Squat",IF(AND(E229<=Summary!$B$7,OR(F229="",F229<=Summary!$B$8)),"Correct","Incorrect"),IF(AND(E229<=Summary!$B$9,OR(F229="",F229>=Summary!$B$10)),"Correct","Incorrect")) -> Incorrect | I229: Incorrect | J229: No | K229: =IF(J229="Yes",IF(I229="Correct","Incorrect","Correct"),I229) -> Incorrect | L229: =IF(I229="Incorrect",IF(H229="Incorrect","TP","FN"),IF(H229="Incorrect","FP","TN")) -> TP | M229: =IF(H229=I229,1,0) -> 1 | N229: =IF(G229=I229,1,0) -> 1 | O229: =IF(H229=K229,1,0) -> 1 | Q229: posture_T03_20261013_170521.csv
A230: T03 | B230: Squat | C230: 2 | D230: 9 | E230: 47.1 | F230: 35.4 | G230: Correct | H230: =IF(B230="Squat",IF(AND(E230<=Summary!$B$7,OR(F230="",F230<=Summary!$B$8)),"Correct","Incorrect"),IF(AND(E230<=Summary!$B$9,OR(F230="",F230>=Summary!$B$10)),"Correct","Incorrect")) -> Correct | I230: Correct | J230: Yes | K230: =IF(J230="Yes",IF(I230="Correct","Incorrect","Correct"),I230) -> Incorrect | L230: =IF(I230="Incorrect",IF(H230="Incorrect","TP","FN"),IF(H230="Incorrect","FP","TN")) -> TN | M230: =IF(H230=I230,1,0) -> 1 | N230: =IF(G230=I230,1,0) -> 1 | O230: =IF(H230=K230,1,0) -> 0 | P230: Observer flipped the label | Q230: posture_T03_20261013_170521.csv
A231: T03 | B231: Squat | C231: 2 | D231: 10 | E231: 103.6 | F231: 21.8 | G231: Incorrect | H231: =IF(B231="Squat",IF(AND(E231<=Summary!$B$7,OR(F231="",F231<=Summary!$B$8)),"Correct","Incorrect"),IF(AND(E231<=Summary!$B$9,OR(F231="",F231>=Summary!$B$10)),"Correct","Incorrect")) -> Incorrect | I231: Incorrect | J231: No | K231: =IF(J231="Yes",IF(I231="Correct","Incorrect","Correct"),I231) -> Incorrect | L231: =IF(I231="Incorrect",IF(H231="Incorrect","TP","FN"),IF(H231="Incorrect","FP","TN")) -> TP | M231: =IF(H231=I231,1,0) -> 1 | N231: =IF(G231=I231,1,0) -> 1 | O231: =IF(H231=K231,1,0) -> 1 | Q231: posture_T03_20261013_170521.csv
A232: T03 | B232: Squat | C232: 3 | D232: 1 | E232: 76.2 | F232: 35.3 | G232: Correct | H232: =IF(B232="Squat",IF(AND(E232<=Summary!$B$7,OR(F232="",F232<=Summary!$B$8)),"Correct","Incorrect"),IF(AND(E232<=Summary!$B$9,OR(F232="",F232>=Summary!$B$10)),"Correct","Incorrect")) -> Correct | I232: Correct | J232: No | K232: =IF(J232="Yes",IF(I232="Correct","Incorrect","Correct"),I232) -> Correct | L232: =IF(I232="Incorrect",IF(H232="Incorrect","TP","FN"),IF(H232="Incorrect","FP","TN")) -> TN | M232: =IF(H232=I232,1,0) -> 1 | N232: =IF(G232=I232,1,0) -> 1 | O232: =IF(H232=K232,1,0) -> 1 | Q232: posture_T03_20261013_170521.csv
A233: T03 | B233: Squat | C233: 3 | D233: 2 | E233: 76.9 | F233: 32.7 | G233: Correct | H233: =IF(B233="Squat",IF(AND(E233<=Summary!$B$7,OR(F233="",F233<=Summary!$B$8)),"Correct","Incorrect"),IF(AND(E233<=Summary!$B$9,OR(F233="",F233>=Summary!$B$10)),"Correct","Incorrect")) -> Correct | I233: Correct | J233: No | K233: =IF(J233="Yes",IF(I233="Correct","Incorrect","Correct"),I233) -> Correct | L233: =IF(I233="Incorrect",IF(H233="Incorrect","TP","FN"),IF(H233="Incorrect","FP","TN")) -> TN | M233: =IF(H233=I233,1,0) -> 1 | N233: =IF(G233=I233,1,0) -> 1 | O233: =IF(H233=K233,1,0) -> 1 | Q233: posture_T03_20261013_170521.csv
A234: T03 | B234: Squat | C234: 3 | D234: 3 | E234: 76.1 | F234: 34.3 | G234: Correct | H234: =IF(B234="Squat",IF(AND(E234<=Summary!$B$7,OR(F234="",F234<=Summary!$B$8)),"Correct","Incorrect"),IF(AND(E234<=Summary!$B$9,OR(F234="",F234>=Summary!$B$10)),"Correct","Incorrect")) -> Correct | I234: Correct | J234: No | K234: =IF(J234="Yes",IF(I234="Correct","Incorrect","Correct"),I234) -> Correct | L234: =IF(I234="Incorrect",IF(H234="Incorrect","TP","FN"),IF(H234="Incorrect","FP","TN")) -> TN | M234: =IF(H234=I234,1,0) -> 1 | N234: =IF(G234=I234,1,0) -> 1 | O234: =IF(H234=K234,1,0) -> 1 | Q234: posture_T03_20261013_170521.csv
A235: T03 | B235: Squat | C235: 3 | D235: 4 | E235: 73.2 | F235: 34.7 | G235: Correct | H235: =IF(B235="Squat",IF(AND(E235<=Summary!$B$7,OR(F235="",F235<=Summary!$B$8)),"Correct","Incorrect"),IF(AND(E235<=Summary!$B$9,OR(F235="",F235>=Summary!$B$10)),"Correct","Incorrect")) -> Correct | I235: Correct | J235: No | K235: =IF(J235="Yes",IF(I235="Correct","Incorrect","Correct"),I235) -> Correct | L235: =IF(I235="Incorrect",IF(H235="Incorrect","TP","FN"),IF(H235="Incorrect","FP","TN")) -> TN | M235: =IF(H235=I235,1,0) -> 1 | N235: =IF(G235=I235,1,0) -> 1 | O235: =IF(H235=K235,1,0) -> 1 | Q235: posture_T03_20261013_170521.csv
A236: T03 | B236: Squat | C236: 3 | D236: 5 | E236: 73.4 | F236: 36.1 | G236: Correct | H236: =IF(B236="Squat",IF(AND(E236<=Summary!$B$7,OR(F236="",F236<=Summary!$B$8)),"Correct","Incorrect"),IF(AND(E236<=Summary!$B$9,OR(F236="",F236>=Summary!$B$10)),"Correct","Incorrect")) -> Correct | I236: Correct | J236: No | K236: =IF(J236="Yes",IF(I236="Correct","Incorrect","Correct"),I236) -> Correct | L236: =IF(I236="Incorrect",IF(H236="Incorrect","TP","FN"),IF(H236="Incorrect","FP","TN")) -> TN | M236: =IF(H236=I236,1,0) -> 1 | N236: =IF(G236=I236,1,0) -> 1 | O236: =IF(H236=K236,1,0) -> 1 | Q236: posture_T03_20261013_170521.csv
A237: T03 | B237: Squat | C237: 3 | D237: 6 | E237: 75.5 | F237: 35.2 | G237: Correct | H237: =IF(B237="Squat",IF(AND(E237<=Summary!$B$7,OR(F237="",F237<=Summary!$B$8)),"Correct","Incorrect"),IF(AND(E237<=Summary!$B$9,OR(F237="",F237>=Summary!$B$10)),"Correct","Incorrect")) -> Correct | I237: Correct | J237: No | K237: =IF(J237="Yes",IF(I237="Correct","Incorrect","Correct"),I237) -> Correct | L237: =IF(I237="Incorrect",IF(H237="Incorrect","TP","FN"),IF(H237="Incorrect","FP","TN")) -> TN | M237: =IF(H237=I237,1,0) -> 1 | N237: =IF(G237=I237,1,0) -> 1 | O237: =IF(H237=K237,1,0) -> 1 | Q237: posture_T03_20261013_170521.csv
A238: T03 | B238: Squat | C238: 3 | D238: 7 | E238: 75.5 | F238: 34.7 | G238: Correct | H238: =IF(B238="Squat",IF(AND(E238<=Summary!$B$7,OR(F238="",F238<=Summary!$B$8)),"Correct","Incorrect"),IF(AND(E238<=Summary!$B$9,OR(F238="",F238>=Summary!$B$10)),"Correct","Incorrect")) -> Correct | I238: Correct | J238: No | K238: =IF(J238="Yes",IF(I238="Correct","Incorrect","Correct"),I238) -> Correct | L238: =IF(I238="Incorrect",IF(H238="Incorrect","TP","FN"),IF(H238="Incorrect","FP","TN")) -> TN | M238: =IF(H238=I238,1,0) -> 1 | N238: =IF(G238=I238,1,0) -> 1 | O238: =IF(H238=K238,1,0) -> 1 | Q238: posture_T03_20261013_170521.csv
A239: T03 | B239: Squat | C239: 3 | D239: 8 | E239: 75.3 | F239: 37.3 | G239: Correct | H239: =IF(B239="Squat",IF(AND(E239<=Summary!$B$7,OR(F239="",F239<=Summary!$B$8)),"Correct","Incorrect"),IF(AND(E239<=Summary!$B$9,OR(F239="",F239>=Summary!$B$10)),"Correct","Incorrect")) -> Correct | I239: Correct | J239: No | K239: =IF(J239="Yes",IF(I239="Correct","Incorrect","Correct"),I239) -> Correct | L239: =IF(I239="Incorrect",IF(H239="Incorrect","TP","FN"),IF(H239="Incorrect","FP","TN")) -> TN | M239: =IF(H239=I239,1,0) -> 1 | N239: =IF(G239=I239,1,0) -> 1 | O239: =IF(H239=K239,1,0) -> 1 | Q239: posture_T03_20261013_170521.csv
A240: T03 | B240: Squat | C240: 3 | D240: 9 | E240: 68.4 | F240: 33.9 | G240: Correct | H240: =IF(B240="Squat",IF(AND(E240<=Summary!$B$7,OR(F240="",F240<=Summary!$B$8)),"Correct","Incorrect"),IF(AND(E240<=Summary!$B$9,OR(F240="",F240>=Summary!$B$10)),"Correct","Incorrect")) -> Correct | I240: Correct | J240: No | K240: =IF(J240="Yes",IF(I240="Correct","Incorrect","Correct"),I240) -> Correct | L240: =IF(I240="Incorrect",IF(H240="Incorrect","TP","FN"),IF(H240="Incorrect","FP","TN")) -> TN | M240: =IF(H240=I240,1,0) -> 1 | N240: =IF(G240=I240,1,0) -> 1 | O240: =IF(H240=K240,1,0) -> 1 | Q240: posture_T03_20261013_170521.csv
A241: T03 | B241: Squat | C241: 3 | D241: 10 | E241: 71.4 | F241: 36.7 | G241: Correct | H241: =IF(B241="Squat",IF(AND(E241<=Summary!$B$7,OR(F241="",F241<=Summary!$B$8)),"Correct","Incorrect"),IF(AND(E241<=Summary!$B$9,OR(F241="",F241>=Summary!$B$10)),"Correct","Incorrect")) -> Correct | I241: Correct | J241: No | K241: =IF(J241="Yes",IF(I241="Correct","Incorrect","Correct"),I241) -> Correct | L241: =IF(I241="Incorrect",IF(H241="Incorrect","TP","FN"),IF(H241="Incorrect","FP","TN")) -> TN | M241: =IF(H241=I241,1,0) -> 1 | N241: =IF(G241=I241,1,0) -> 1 | O241: =IF(H241=K241,1,0) -> 1 | Q241: posture_T03_20261013_170521.csv
A242: T04 | B242: Squat | C242: 1 | D242: 1 | E242: 106.3 | F242: 14.7 | G242: Incorrect | H242: =IF(B242="Squat",IF(AND(E242<=Summary!$B$7,OR(F242="",F242<=Summary!$B$8)),"Correct","Incorrect"),IF(AND(E242<=Summary!$B$9,OR(F242="",F242>=Summary!$B$10)),"Correct","Incorrect")) -> Incorrect | I242: Incorrect | J242: No | K242: =IF(J242="Yes",IF(I242="Correct","Incorrect","Correct"),I242) -> Incorrect | L242: =IF(I242="Incorrect",IF(H242="Incorrect","TP","FN"),IF(H242="Incorrect","FP","TN")) -> TP | M242: =IF(H242=I242,1,0) -> 1 | N242: =IF(G242=I242,1,0) -> 1 | O242: =IF(H242=K242,1,0) -> 1 | Q242: posture_T04_20261013_170849.csv
... A301: T05 | B301: Squat | C301: 3 | D301: 10 | E301: 75.6 | F301: 39.5 | G301: Correct | H301: =IF(B301="Squat",IF(AND(E301<=Summary!$B$7,OR(F301="",F301<=Summary!$B$8)),"Correct","Incorrect"),IF(AND(E301<=Summary!$B$9,OR(F301="",F301>=Summary!$B$10)),"Correct","Incorrect")) -> Correct | I301: Correct | J301: No | K301: =IF(J301="Yes",IF(I301="Correct","Incorrect","Correct"),I301) -> Correct | L301: =IF(I301="Incorrect",IF(H301="Incorrect","TP","FN"),IF(H301="Incorrect","FP","TN")) -> TN | M301: =IF(H301=I301,1,0) -> 1 | N301: =IF(G301=I301,1,0) -> 1 | O301: =IF(H301=K301,1,0) -> 1 | Q301: posture_T05_20261014_144303.csv

Sheet Issues & Next Steps
A1: Issues found in the data, and what to do
A3: Priority | B3: Issue | C3: Detail | D3: Action
A4: HIGH | B4: 4 squat verdicts edited (T02, set 2) | C4: Reps 1, 2, 4, 7 have knee angles 81–84° (over the 80° limit) but are stored as "TRUE". The code cannot output TRUE for those, and the file shows signs of being re-saved in Excel (TRUE/FALSE in capitals, "94" instead of "94.0"). | D4: Confirm what happened. Main result uses the code-rule verdict. Never open the CSVs in Excel and save; open a copy.
A5: HIGH | B5: Observer flips all moved towards the app | C5: 5 net flips (T01 squat s2 r3; T03 squat s1 r1–3; T03 squat s2 r9). Each one made the label agree with the app. Fine if based on what you SAW the tester do; not fine if based on the app's verdict. | D5: Confirm each flip was based on observation. If unsure, report the "ignoring flips" figure too (sensitivity table).
A6: MEDIUM | B6: Unbalanced testers | C6: T01 push-up: all 30 reps wrong. T03 push-up: all 30 correct. T04 squat: all 30 wrong. Classes are balanced overall (push-up 70/80, squat 77/73), but per-tester accuracy is not comparable. | D6: State it in the methodology. No re-test needed.
A7: MEDIUM | B7: Fault types not recorded | C7: Every "wrong" set was entered as plain "i" without a fault name, so you can't report accuracy per fault (shallow vs sag vs lean). | D7: Write down from memory which fault each wrong set was, if you can; otherwise state it as a limitation.
A8: MEDIUM | B8: Possible mislabels in "wrong" squat sets | C8: T01 s3 r7 (70°), T02 s3 r1, r2, r6 (64°, 64°, 41°): these went below parallel in a "shallow" set. The app said correct, so they count as misses, but the tester probably did a good rep. | D8: Keep as-is (no video to prove it). Mention as a source of error.
A9: LOW | B9: 2 pose-tracking glitches | C9: T02 squat s1 r1 (trunk 178.5°) and T03 squat s1 r2 (knee 15.8°, trunk 172.4°) are physically impossible readings: MediaPipe lost the body for a frame. | D9: Keep in the data; mention as a real-world failure mode.
A10: LOW | B10: Exaggerated faults | C10: Wrong reps were clearly wrong (squats stopped at 95–110°, push-up body line 55–145°), so classes are well separated. Push-up 100% reflects this. | D10: State it: borderline/subtle faults were not tested, so real-world accuracy may be lower.
A11: NEXT | B11: Deadlift | C11: Still no data. The deadlift analyser has no fault check (no spine landmarks). | D11: Report as a limitation, or run a correct-only round to show rep counting works.
A12: NEXT | B12: Write-up | C12: Results are ready for the Evaluation chapter. | D12: Use the Summary tables; cite the pilot round as the first iteration.
A14: Legend
A15: Blue text | B15: Typed-in values (from the CSVs or settings)
A16: Yellow fill | B16: Editable: ground-truth labels and the target
A17: Black text | B17: Formulas: do not overwrite
A18: Orange cell | B18: Logged verdict differs from the code rule
